,valores reais,valores preditos,porcentagem de acerto %
3165,2134,2473.4106,86.27762659299246
9265,3345,3462.7527,96.59944858209595
1940,4226,4515.42,93.59040959905187
10439,3474,3126.4001,88.88178616846281
395,2760,2511.4248,90.10222424941642
9806,2555,2309.1533,89.35338431082482
1969,4484,4515.6543,99.29900973825862
3976,5758,5546.3223,96.18345771779371
301,2108,2109.3032,99.93821549020302
5971,5725,6186.131,92.54573060516232
32,4007,3754.1296,93.26420806774311
7251,17670,17223.787,97.40932184198839
78,1556,1622.0438,95.92835765003086
508,1976,1836.4774,92.40270630518698
1849,2769,2432.1123,86.14834953701751
4810,1223,1690.7628,72.33421432185987
5117,3920,3461.6455,86.75905747272354
556,11780,11197.117,94.79434927098282
7411,8265,8229.08,99.56350015391774
3925,13530,13235.581,97.77554952747445
7527,2758,4684.154,58.879364613093074
1647,1264,1418.5598,89.10445559796786
3385,15640,15313.221,97.86603156050435
387,2511,2489.4702,99.13516598720979
9360,3250,4849.786,67.0132643171886
7537,5427,4912.441,89.52538889273775
1087,6213,5818.7905,93.22523347757968
8526,3017,3029.851,99.57585129090664
1162,2924,2676.1418,90.7382280690823
2480,2486,2270.4,90.50387125925769
6640,7265,6581.8394,89.62052083565936
6601,5232,6797.581,76.96855628359296
8383,2752,2761.9019,99.64148416609578
5102,7363,6600.011,88.43958376905579
7644,13810,12031.838,85.22119292547556
8724,3433,3416.8242,99.52658433052439
3911,3438,5501.059,62.49705645281905
9777,8855,8399.054,94.57145644313772
7270,4446,7674.855,57.92943334192427
2669,12930,12367.957,95.45565231727527
1398,2555,2309.1533,89.35338431082482
5267,2635,2326.475,86.73852547768229
2412,2928,2722.41,92.44823173115286
5542,2691,2448.6655,90.10340653102067
1741,6361,5855.3296,91.36392917943763
4727,12270,13089.326,93.74050152684342
1463,805,1404.347,57.32201326951897
8905,2320,2092.5906,89.13263653112014
2424,7909,7887.832,99.73163768363555
6714,4489,4564.7295,98.34098620045042
540,15000,14529.694,96.76314137662723
6272,7870,6923.7227,86.33282425176576
8061,1358,1473.695,92.14932869381171
8220,1472,1465.6702,99.5681269816945
2286,4019,5264.2505,76.34515129830348
4870,6364,6067.465,95.11270087447714
585,1916,1813.2491,94.33332949601851
4089,20470,19872.693,96.99433473951724
4339,2626,2424.1184,91.67195830394607
2796,3268,3662.5398,89.22769943772609
2130,6305,6353.8022,99.23192060118407
5514,3451,2685.7463,71.50685262740032
5188,6093,5687.758,92.87518560285042
3334,9205,9631.026,95.57652164011353
5232,2178,1889.6691,84.74172342692124
5218,13330,12551.612,93.79850431627972
1066,11220,11203.1875,99.84993110219749
9607,8890,8997.296,98.80746504673552
6518,5339,5186.083,97.0513971342699
8234,6015,5637.19,93.29790085981205
4769,2675,2306.4583,84.02131286205629
3,1421,1424.4935,99.75475281570658
2301,1719,1703.4023,99.08432342439649
8007,3192,3808.2595,83.81781708920482
5386,5885,5416.7236,91.35498875462548
2719,2958,2601.6143,86.30136112156927
4903,1833,2053.486,89.26284011837244
445,3471,3132.7952,89.20437449427907
6989,2566,2607.8623,98.39476552836956
2704,1390,1272.1519,90.73631469194167
9131,4796,5651.966,84.85543176435606
1402,1715,1525.4308,87.57274236297717
10688,19260,18314.975,94.84014905409006
7223,2225,2287.65,97.26138591925435
3855,1830,2314.1177,79.0798159986479
4419,3062,2719.66,87.41239349940982
5275,2041,2081.506,98.05400025264346
9261,1346,1475.759,91.20730212157441
1206,9437,9900.047,95.32278098430722
10166,1533,1792.5833,85.5190406543019
6381,3116,2687.897,84.0729376274907
9886,3410,3249.3955,95.05740400633411
5261,3935,3268.9783,79.62599707910573
1823,922,1233.9554,74.71906738870797
151,3620,4007.334,90.3343722812909
3580,2606,2198.5442,81.46701746994553
2016,1838,2257.5203,81.41676642186493
10067,2184,2217.9963,98.4672500441116
10262,3894,3214.4763,78.86051678901636
3895,8048,7299.007,89.7384235842232
2973,4473,4155.8647,92.36897076103507
5927,2331,2166.122,92.3883361908725
7383,1817,1817.7886,99.9566190353524
6939,1246,1304.6765,95.5026006019886
1157,1896,2027.9546,93.49321772269482
1640,2223,2237.9187,99.3333671520747
8835,2949,2655.2,88.9349181142288
647,2148,2352.8232,91.29457587315106
8359,9197,8520.656,92.06230447332035
7297,3424,3076.653,88.71023429588911
872,10760,10017.143,92.58413847979743
5000,1792,2139.135,83.77217855904948
3515,12660,13043.224,97.06189479226259
2077,2022,1951.1538,96.36901042377019
3438,2222,2058.8467,92.07549926266174
4766,2271,1840.9073,76.63692028354363
8036,1493,1734.8341,86.06010191136764
2273,2689,2406.5713,88.26426990876624
543,2410,2437.167,98.8853044426342
7757,10170,9951.692,97.80632671519733
6472,10100,9415.667,92.73197524529793
2129,5661,5620.339,99.27653592117218
6786,2505,2340.255,92.96037716244349
6146,2929,2775.9705,94.48734980156767
5827,1896,1890.3312,99.70011480993979
1767,3333,3016.932,89.52352498144222
216,760,1162.6826,65.36607572567146
5759,922,1233.9554,74.71906738870797
4518,1813,2024.7156,89.54344113002948
648,2763,2230.8264,76.14455431566634
7866,6277,6161.205,98.1205799773469
7605,14830,15113.757,98.12252612624557
8235,3212,3090.4333,96.06635585892862
8429,1499,1592.017,94.15728791486883
3989,1793,1876.6768,95.54122693403868
10326,4175,4059.2822,97.14930455733568
2917,1548,1599.9586,96.75250237261233
1481,3085,3074.625,99.66256047485467
7642,3562,3140.1882,86.5673094618025
3783,6665,6036.019,89.57953988293097
656,3320,2842.713,83.21015425268419
657,1626,2107.4119,77.15625155309472
2875,6197,5572.9756,88.80267095306995
2954,2456,2300.638,93.24700084778202
1645,2957,3011.8599,98.17853865148017
5447,3390,3142.5278,92.12506042281285
2795,1653,1705.5662,96.91796405925624
4619,6068,5411.7754,87.87413441969893
8875,2298,1916.7743,80.11107986994193
9992,900,1531.9253,58.7496011803468
6019,1864,1924.4436,96.85916472661475
1778,1741,1846.8577,94.26822824717183
7530,2235,1862.222,79.9820888748144
5184,3530,3948.3452,89.40454311667109
5668,4894,4929.4927,99.27999333571127
4543,3767,4026.272,93.56049530640126
6821,1442,1787.9536,80.6508619288866
6527,1637,2071.8916,79.00992497703403
5671,13380,11973.571,88.25389119934309
1372,8913,8537.453,95.60118375466922
8406,8687,9745.339,89.14005062716781
932,3356,6836.511,49.08936571394901
1460,1449,1423.33,98.19647975256089
9102,6320,6923.883,91.27826352852502
6589,10840,10512.497,96.8846323808986
3283,2212,2026.0848,90.82392022454695
10541,2120,2050.5522,96.61321704733218
7619,1654,1700.6707,97.25575000785966
5529,2392,2376.6248,99.35306387334732
4660,2454,2415.2605,98.39605284877338
5842,1677,1618.5853,96.39100442393882
3570,10230,10753.919,95.1281114542818
8022,3951,3475.714,86.32551834102775
5618,4639,5296.7905,87.58133771860484
5032,1520,1604.3625,94.74167800228534
5986,3583,3912.161,91.58621288748631
10494,1640,1891.7631,86.69161764260835
7733,4183,3774.458,89.17614154557063
1005,1275,1338.2761,95.27181857636276
7039,4198,4779.144,87.83999733542767
1195,4297,4536.049,94.73002083569254
9879,11200,10738.904,95.70630587275856
7878,2992,2979.3345,99.57488736293318
7672,912,1513.5562,60.25544533565953
9411,1264,1243.961,98.38910227329708
3215,5462,4875.356,87.96715464185358
5839,5757,6522.303,88.266365476572
1902,4837,5111.645,94.62707174536084
6415,762,1233.9554,61.75263487006016
9138,8889,8133.4863,90.7110722094351
4379,1385,1780.1448,77.80266072438312
1552,1078,1415.8094,76.14018972245184
9272,3378,3130.3274,92.08796472825507
1058,16820,16756.86,99.62319535190348
7303,3579,3332.5566,92.60497612041243
258,2468,2365.1875,95.65309304230638
2135,1582,1749.2158,90.44052664223979
1974,4697,4069.226,84.57264564978055
7468,7540,8023.383,93.97532407718455
3873,3057,3577.7231,85.44540414405166
3684,2959,2547.0598,83.8268350350727
6209,1788,1567.1696,85.9089628472036
10159,6556,6618.366,99.05767966066257
8551,2450,2270.1692,92.07852827082921
2355,3993,5034.7993,79.30802697514729
9449,2456,1802.5756,63.75051052371285
8184,4930,4154.2295,81.32576668497916
6581,3631,3245.8271,88.13329133229053
6579,17560,17348.195,98.77909670899665
9611,1665,1916.954,86.85654521769315
4847,3024,2983.072,98.62799227706009
6523,3474,3175.6738,90.60589380329593
10395,1423,1428.9731,99.58199742562626
5547,4795,4710.481,98.20572370975007
2030,1593,1484.757,92.70971310096274
2194,2562,2180.0208,82.47818293910036
9461,1241,1336.2538,92.87157983704698
10629,4781,4471.96,93.08938269210904
3973,1370,1275.9547,92.62941801869597
5960,2334,2091.6614,88.41406043458697
6414,3183,3109.0757,97.6223056647884
6768,3294,3672.8137,89.68600779920293
4525,1772,1721.6385,97.07479539180707
19,21680,30976.002,69.98966500843994
3471,6104,6956.2266,87.74872332229332
3747,9162,9370.825,97.77153888841124
3547,2950,2570.8635,85.25256316156387
1419,3330,2775.4622,80.01998189174047
7480,1341,1290.0878,96.05358389667158
6165,12760,13533.403,94.28522669422195
7999,2555,2309.1533,89.35338431082482
5269,8635,7498.535,84.84417529465391
9451,5725,5377.6343,93.54054766945161
1083,8880,7920.0034,87.87883626598911
8644,3046,2535.4902,79.86544145570961
566,12810,13862.158,92.40985286917439
1143,1390,1443.7863,96.27463866615227
350,6276,9151.447,68.57931666802189
5740,3403,3462.5166,98.28111722162885
8182,1115,1342.5125,83.05323343755359
4225,4505,4279.2593,94.72477108710335
8381,1236,1375.9043,89.83182935086725
8177,2235,1745.439,71.95198199324747
10012,5798,5060.473,85.4257332386838
9819,1333,1725.2218,77.26542747383662
9014,7123,7576.8833,94.0096305728445
4204,5569,5464.2754,98.08346758008071
1349,2914,2723.2468,92.9953769891556
1318,2480,2508.4998,98.86387248821512
9400,3679,3627.2263,98.57263713106154
9684,4972,4682.5083,93.81759346437357
3466,3525,3579.131,98.48759092779657
7979,2390,2110.6226,86.76326848357047
1813,4693,4813.838,97.48978064133956
5089,2390,1958.3237,77.95684835888075
10506,12150,13109.606,92.68012774208322
2196,4053,4308.5137,94.06956339623719
5920,1021,1598.2052,63.884162050982326
7813,2186,2215.6467,98.6619379283679
4150,2820,2265.3696,75.51700331739978
1433,2577,2582.9934,99.7679665699459
3058,1496,1523.0072,98.22671868456435
2326,8100,8370.326,96.77042248624291
6716,1478,1664.8337,88.77763372286817
1139,3283,3760.5525,87.30100187473752
6967,9384,9190.18,97.89100627963103
3124,3845,4189.4653,91.77782116019475
5304,2998,2351.8975,72.52845628716507
941,1430,1277.7655,88.08588142963119
6487,9112,8312.35,90.37997163012584
4394,17770,17407.82,97.91944263556115
7795,5307,5403.196,98.2196499196394
5432,1780,1882.6951,94.54531590987456
9482,9822,9324.223,94.66146013344779
4360,3454,3655.8984,94.47746043957218
31,2266,2062.653,90.14148689485286
4372,5471,5413.675,98.94110382724016
5979,10740,9821.989,90.65351510685775
2903,6707,7379.0967,90.89188407657558
635,3156,3072.9585,97.29766920015972
9178,4441,4535.2617,97.92158149638209
8709,1572,1640.8102,95.80632900289454
1882,2307,2130.482,91.71464147980382
4876,3343,6097.216,54.828303581825026
2804,5836,5243.4277,88.69876165661255
1472,2513,2193.836,85.45178073508517
8887,2901,2255.9097,71.40442539917399
7765,3190,4992.157,63.90023100687817
9713,2370,2563.2798,92.45966880886284
5687,1446,1444.8488,99.92032071777084
973,7175,6775.582,94.10503825490085
8637,2707,2165.6497,75.00286624171511
6659,2396,2529.7476,94.71300770152345
2845,3432,3670.4849,93.50263324426149
10483,1369,1298.9668,94.60854555378297
5768,2521,2331.9219,91.8917470166105
4238,2599,2945.3406,88.24106865692178
349,4031,5280.5815,76.33628923631328
4668,1798,1670.1318,92.3438281151785
10338,2306,1714.3737,65.49023369091285
6406,5458,5275.169,96.53411944559684
9388,10640,10721.749,99.23754022539795
2925,9188,8412.031,90.77548897598307
3011,6252,7224.929,86.53371995224597
2023,2242,2228.726,99.40441645409909
7769,1317,1328.428,99.13973668874435
339,944,1204.0593,78.40145244348595
5279,5729,7456.905,76.82812326374577
6407,3587,3460.6304,96.34836387145529
4396,3466,3658.832,94.72968341801356
7724,4729,4585.4263,96.86891202628742
6454,6501,7258.723,89.56120615921105
1339,3506,3145.249,88.5302888936842
8166,7035,7561.426,93.03800901471025
2075,3688,6306.1978,58.48214952846256
9594,15230,14971.7,98.27474634598701
2937,16920,16655.174,98.40994651507151
717,2806,2425.2095,84.29865413123746
237,3200,2803.2776,85.8479083975449
4602,2605,2986.4685,87.2267695068291
8131,2633,2581.7466,98.01477734780516
10390,4609,4884.3726,94.36217128627403
9089,3267,2991.8525,90.80344176910144
764,1864,1809.9603,97.01431727309178
7923,3300,3257.5098,98.69562219510806
5925,4381,4404.6484,99.46310272350766
334,3037,2994.2205,98.57126281776407
2250,10560,10772.774,98.02488749987423
2984,3180,2788.0479,85.94169937873058
9816,1620,1489.3761,91.22962282749837
2865,12180,13326.373,91.39771156906176
6541,5706,5467.494,95.63774824004227
2926,6416,5987.9795,92.85200444706037
2779,1251,1617.831,77.32575019964881
1263,1944,1800.4968,92.02980134470806
112,2406,2368.4514,98.41463566740407
7125,6471,6096.686,93.86036999961478
8582,3176,3215.1863,98.78121278542392
2603,3787,3613.002,95.1841142315325
3718,3298,3568.122,92.42957317632235
8287,4014,4537.6597,88.4596971503779
7096,3080,3035.0142,98.51777166530802
3357,3993,4134.4653,96.57838872331894
8137,5444,5924.1553,91.89495799358262
8465,2748,2562.1729,92.74728290387684
1253,25510,21908.074,83.55891190943979
7135,13530,12310.338,90.09237504111208
1772,1419,1306.1565,91.36064427458828
7956,6274,5856.954,92.87947470296479
9708,2032,1628.0032,75.18451851528599
10365,3609,3948.1174,91.4106548877472
8108,2248,2313.8435,97.15436650349781
7427,10330,9535.285,91.66553668057745
9797,18580,17793.379,95.57913593649323
3135,12300,11469.405,92.75817091853828
1706,3420,3289.944,96.04686570427121
1063,2681,2811.8323,95.34708109954924
122,2145,2189.5764,97.96415344586417
2762,4635,5315.0493,87.2052115432475
7340,4963,5872.4727,84.51295204785569
3811,971,1613.2018,60.190858372336585
7933,6118,5768.8203,93.94712144624455
6089,3464,4080.5076,84.89139995377461
4010,2915,2791.0605,95.55941366933914
4531,1897,1934.7378,98.04946214903657
6596,1166,1520.7081,76.67480544671339
7600,1530,1509.4357,98.63761460804379
10495,1851,1973.3207,93.801277205951
608,17560,16314.1455,92.3633481656095
560,6541,6348.483,96.96751030808063
3913,1990,1815.804,90.40667113678688
1535,3904,4348.164,89.78502061753794
4148,2281,2316.1653,98.48174551884772
761,1968,1909.174,96.91876951292629
1566,4357,6122.332,71.16569270926047
4725,862,1487.9767,57.9310152463123
6045,962,1460.1278,65.88464345254184
4130,1288,1297.0354,99.30338058715253
8443,2239,2092.4282,92.99513475507976
6217,2298,2155.0503,93.36675772729528
5207,2253,2047.9421,89.9871262251038
6280,2439,2373.302,97.23178938066843
3680,12570,13227.103,95.0321505626653
7905,1320,1339.5521,98.5403984157995
5024,1050,1192.0392,88.08435272859654
3290,11290,11061.67,97.93584440922916
2211,897,1233.9554,72.69306230766925
4291,1871,1695.6853,89.66113010575008
9459,8038,9908.584,81.12158117320544
8141,4658,5888.2466,79.10674145703226
9350,2516,2602.9907,96.6580471494159
7874,6258,6853.1997,91.31501003216663
6644,7522,7361.3325,97.81741308326362
1986,3121,3150.4202,99.06615103810636
7827,2683,2589.7842,96.40063364956734
5761,8571,8421.737,98.22764959399267
5026,5402,5945.527,90.85822217809329
8401,2555,2309.1533,89.35338431082482
1023,3941,4356.6436,90.4595464496908
4381,1200,1430.9872,83.85819346091374
8745,5951,6474.6646,91.91209758167219
7684,1603,1590.4248,99.20931846161875
9712,2453,2289.3767,92.8529328365443
145,1163,1333.3857,87.22157161302985
4694,10080,8927.071,87.08502852049503
7842,1509,1380.5771,90.69788662605016
5949,13850,14913.689,92.86769745026362
638,14830,13688.872,91.66382793391502
288,2182,2082.0415,95.19901520184821
1291,6852,8766.697,78.15942301175726
1744,3795,4168.091,91.04887977741983
2092,4088,5112.5996,79.95932230843607
1622,1731,1782.6277,97.10384361437556
2599,19840,18729.586,94.0713368346454
8886,3328,2510.2195,67.4219516140029
4564,4789,4842.6685,98.8917585932746
7876,5370,5104.8486,94.80589168730327
7354,1890,2113.2485,89.43576529488789
6370,2571,2212.5466,83.79905923151559
538,10430,11588.433,90.00354357267126
9101,2369,2552.3928,92.81486687057688
8432,8682,8109.2363,92.93689752401835
10466,11320,10872.426,95.88340056069306
10514,1256,1708.6733,73.50732118959937
8186,8768,9372.802,93.54726821882923
7831,4009,3227.3198,75.77927759389405
9957,16250,15533.147,95.38501426793746
3301,7640,8366.531,91.31621901250891
7349,1072,1600.1101,66.99538956898566
4824,3632,3453.1638,94.82109187262388
8628,8168,8222.313,99.33943802170376
1722,3562,3549.833,99.65725170280622
3732,6929,6474.4585,92.97946686691265
8340,7315,6235.53,82.68839614216195
4126,2327,2273.2112,97.63379580420002
3606,11020,11664.288,94.47640455044782
3220,8031,7785.537,96.84719387787099
9859,4336,4677.0073,92.70885631388846
9362,1501,1709.9249,87.7816316091751
8153,2685,2929.674,91.64842005525858
2125,2147,2191.1436,97.98536455573328
8868,1967,1942.8788,98.75848066195768
1400,2467,2020.9856,77.93084694689765
2000,1615,1807.9637,89.32701246701824
10281,4645,5588.9897,83.10983220619572
5381,2979,2544.49,82.92349306017108
2512,2221,1809.2616,77.24273791717435
3893,5269,5011.871,94.8696025607951
8889,5127,6824.3774,75.12773207549195
4457,6513,7183.142,90.67062740146454
245,1167,1219.0105,95.73338391012979
7871,15380,15204.659,98.84679545762694
1927,18080,16811.889,92.45705611739832
8599,4719,4578.3677,96.92833048418828
4180,2496,2043.1846,77.83776188079558
8572,3497,3335.1257,95.14638185887594
7694,977,1633.2999,59.817549979286234
8634,6460,7300.9253,88.481935381826
4120,999,1249.5867,79.94643541311609
9428,5366,5480.2676,97.91492702690084
2784,3412,3094.3684,89.73517209667608
5005,2835,2542.6106,88.50042531911897
4121,3237,4088.6812,79.16978310095074
10619,2393,11427.464,20.94077940487909
1880,1553,1933.6458,80.31460770057572
8613,1592,1648.7473,96.55815576130612
6990,3880,3484.3389,88.64458515965552
9919,4269,4432.1787,96.31831833552162
8605,7265,7008.491,96.34002838353865
3972,5371,5159.7397,95.90560252450354
7083,9660,9804.393,98.52726645761656
2936,4288,7922.5503,54.123985855988735
10187,2165,1967.2062,89.94544519130298
9130,1174,1507.4846,77.87807484691052
5758,2901,2255.9097,71.40442539917399
7677,1764,1824.4867,96.6847281197656
9108,2503,4298.65,58.22758440121609
8341,1591,1860.0457,85.53553491144935
8538,3212,2687.4421,80.48114771366353
3374,2484,2379.0522,95.58867384780778
4271,3075,2841.5154,91.78309500932525
912,3147,2910.927,91.890109305782
2073,2137,1985.0009,92.34261561329666
5417,12780,12589.948,98.49044845811473
1334,9070,9558.57,94.88866748345113
6496,4403,4582.039,96.09258978245562
3704,5208,4997.089,95.77931995171407
2070,4042,6342.8022,63.725776765140175
7861,1032,1365.6819,75.56664634071127
7867,3080,2615.128,82.22373502132837
10236,1784,2272.7065,78.49671597590549
9700,1350,1248.5616,91.87558300728269
4748,2427,2200.9106,89.72746321934835
3552,10940,10739.852,98.13639475056758
5430,1293,1528.713,84.58095072536075
2946,1312,1708.5591,76.78985256045148
5657,1446,1490.1376,97.0380202449258
2550,2723,2425.5615,87.73733530613683
6978,1422,1356.292,95.15531993177055
867,8643,8984.974,96.1939383821491
2966,5480,6000.7666,91.32166544476333
7266,18480,17697.389,95.57781465596256
1152,6838,6272.167,90.97866800234607
4498,3540,3150.666,87.64280369787886
4296,2031,1661.4741,77.75915530583222
10193,1750,1783.8009,98.10511906023837
9525,1914,1715.4271,88.4242896013664
7520,4691,4609.7876,98.23826151154901
6906,7804,8555.195,91.21942533091642
5389,1587,1524.472,95.89838631217984
643,1387,1589.3553,87.26808657973015
6167,797,1385.7278,57.514903696144835
1950,8830,9725.207,90.79498227262997
916,2621,2719.2266,96.38770215565661
6816,2869,2939.5386,97.60035214923154
8784,1219,1681.4995,72.49481736417486
2380,5197,5174.0566,99.55656922665175
6283,5546,5459.091,98.40799168674528
303,3238,3219.5625,99.42732902374158
4223,2958,2322.578,72.64151508643866
7931,3396,3521.528,96.43540890611521
9408,1299,1367.4167,94.99664252726194
5097,13410,12849.1045,95.63475020260334
2906,11930,12617.122,94.5540507059905
5904,11730,11135.964,94.66560649893228
6111,9646,8362.703,84.65452072352502
614,644,1233.9554,52.18989088755741
1386,2488,2421.1265,97.23791647700793
1702,2049,2132.1902,96.09836936166471
9740,5383,4977.288,91.84873555523596
559,2414,2219.9036,91.25653750663305
5888,1268,1537.1483,82.49041340201117
1754,3147,5108.7827,61.59980127665793
7759,3806,3983.0762,95.5542860785501
7452,9303,8667.803,92.67176140146893
5894,5112,4948.1377,96.68840451140372
6945,9640,10093.578,95.50627023060764
10245,8002,10539.139,75.9265083147101
1362,2933,2890.5798,98.5324686238763
2186,4525,4309.4663,94.9985989917953
9988,3558,4395.0376,80.9549388587115
6464,3667,4223.335,86.82711728803997
1747,4741,4523.0913,95.18230615879388
9034,2858,2542.4727,87.58974485037787
4534,4034,4435.6426,90.9451095066641
8309,14860,15551.339,95.55447364955702
5115,3454,3269.2075,94.34748392799347
10237,8881,8529.312,95.87670733333982
5794,1961,2156.394,90.93885259023683
4664,4065,4187.7227,97.06946552282201
572,2326,2411.7993,96.44251842089014
6935,10360,9285.806,88.43186714433624
6304,3717,6443.9053,57.682412175143085
3782,6853,5473.8364,74.80444304614183
10534,9075,9252.657,98.07993290778694
5980,1892,1761.7026,92.60389576733934
3338,2551,2108.4702,79.01180761099612
5857,2294,2181.506,94.84329215017621
6847,2579,2108.4702,77.68383058751822
4842,2105,2183.1145,96.42187792334119
915,13380,14983.1,89.300614351039
7821,9387,8222.434,85.83671861898398
5025,3198,2602.1467,77.10147298940844
4099,3112,3081.7207,99.0174548639565
1043,1759,2027.0001,86.77848515388416
2047,914,1170.6384,78.07705422492693
2053,1727,1832.966,94.21888099868025
168,6666,8203.295,81.26003104221412
3533,24530,22754.512,92.19720333622024
4813,12010,10994.197,90.76055568376003
2542,4597,7354.5737,62.50532210936181
1766,17100,17354.947,98.53098219359056
7870,6713,7033.492,95.44334195650941
3158,1948,1771.9242,90.06301701692998
9534,1890,1918.0684,98.5366340444641
1057,1850,1827.6396,98.77654484123188
6903,4803,5096.1865,94.24694284463241
9394,2584,2350.9773,90.08826220561741
1975,16270,15392.599,94.29984898510159
6161,6130,5663.0933,91.75527019063176
2590,2713,2251.3015,79.4919301779754
9031,2151,2131.3752,99.07924444964229
248,1928,1720.6931,87.95212911993386
7679,27830,24062.283,84.34181509265221
9338,2240,2065.2913,91.54072146442911
8485,18260,18053.59,98.85668081508202
6417,4497,4783.454,94.01156370521187
213,2404,2429.631,98.94506192818582
8630,5876,5743.2534,97.68865184294447
1692,1665,2074.1626,80.27335956599579
5142,1123,1490.878,75.32473891314801
1574,2035,1902.8815,93.05692275765225
8789,1052,1489.4,70.63246829298677
8713,4001,51606.656,7.752875870542378
6744,1137,1460.1278,77.86989563985455
9654,2688,2705.342,99.35897048311442
3775,5478,5286.645,96.3804079948285
5328,11500,10494.932,90.42329770415594
3228,1829,1854.328,98.63411419718241
491,1280,1686.0543,75.91688973706279
10417,9848,9459.926,95.89770334647676
9185,7119,7272.23,97.8929436929211
3383,710,1162.6826,61.065676006877275
10450,11940,11245.359,93.82286859996415
2663,3200,3092.97,96.53957101715591
4447,13650,12935.759,94.47855187635837
7062,15670,16451.139,95.25176531877128
699,14450,14752.443,97.94987615266592
1972,802,1202.5519,66.69150939900855
3758,4564,4710.7905,96.88395129242734
2106,18500,17196.965,92.42287712925359
1997,2791,2631.6252,93.94386582154026
10598,1745,1616.7646,92.06839711108037
3745,1343,1438.943,93.33239790458305
3539,3646,3425.7498,93.57074334563083
9418,1046,1263.312,82.7982311809816
5383,3865,3731.612,96.42546070468063
7375,17290,17396.768,99.38627921741478
2739,1006,1250.5505,80.44456982325168
4430,610,1233.9554,49.43452397734475
5316,2538,4554.8335,55.72102695250227
9064,2675,2254.5461,81.35084266046219
10549,4519,4415.72,97.66108856242595
1176,6042,5720.3916,94.37786045365051
3928,792,1499.941,52.802075472204834
3341,1445,1675.2782,86.25433086374487
9385,4202,3884.5974,91.82920250883161
9580,1418,1728.6593,82.02888785303651
4412,5194,4855.5728,93.03012717044577
3131,8647,7928.177,90.93330958496651
890,3541,3100.393,85.7886750435657
2434,1291,1353.8278,95.35925021619744
7399,3338,3254.9944,97.44989989467057
6436,11950,10999.098,91.35472405584406
6434,2070,2211.1116,93.61807092705709
7321,3839,4130.679,92.93871092013352
1908,5243,5380.658,97.44161033969692
10046,4428,5659.503,78.24008671808393
3903,2015,1965.9127,97.50307936965457
1538,5586,5141.474,91.35411618464617
911,12480,12428.115,99.58252104485248
5376,3038,8656.367,35.095553760553784
2244,2812,4684.154,60.032187560557546
8356,6069,7753.0854,78.2785129836477
1238,2555,2309.1533,89.35338431082482
2861,2422,2222.1128,91.00463272324714
4578,4853,4624.628,95.06182824251697
2668,1596,1447.8885,89.77052134190218
8948,10790,10174.146,93.9468778381479
8202,1243,1401.4117,88.69627402961491
7214,1546,1336.2772,84.3054438915981
625,2015,1999.7778,99.23880704521622
8552,951,1397.0891,68.07010320880276
10603,14620,13596.703,92.47393382357166
7711,1347,1234.293,90.86869697036828
2520,9408,8467.31,88.89032671032031
5931,9136,10030.76,91.07984054516683
3239,7774,8241.434,94.3282489820159
1509,2411,2554.3914,94.38647656690326
1653,1768,1582.9353,88.30876429719252
3152,3700,4467.666,82.81729178187891
1070,1868,2013.7275,92.76329412814486
85,3418,3467.733,98.5658379279848
4355,20770,19972.701,96.0080570912074
10251,2022,1751.8978,84.58231018579392
4401,13290,12669.277,95.10056777976989
4644,5267,5116.9287,97.06716083924091
6384,10150,9715.054,95.52296567776229
3750,6115,6834.285,89.47534175403541
8765,5349,4871.7925,90.20468294894748
4114,4257,7948.6304,53.556396526892804
10486,3366,3191.493,94.53211758707593
433,1374,1529.1874,89.85164407125893
8130,2784,4813.8857,57.8326979305269
423,16230,15629.361,96.15698518151122
2018,1828,1790.9697,97.93238976135157
803,1364,1402.4221,97.26030282778417
951,11740,11421.085,97.20766424421798
8258,1292,1468.0836,88.00588631427773
4850,756,1170.358,64.59561768134647
5192,15550,15886.119,97.8841960226431
9111,7383,6801.9346,91.45735049814212
5863,8525,13058.06,65.28535081415609
884,3509,3962.0212,88.5659058150941
946,7023,6535.174,92.53537572672398
8788,3876,4001.3506,96.86729309903419
8367,4000,3908.8606,97.66838949444599
3795,3280,3670.3774,89.36410634496809
8847,2903,2769.5278,95.1806886926694
2841,8742,8294.638,94.60660825559246
9984,3414,3746.6401,91.12164166879205
8323,2116,2248.4036,94.11121888675136
7869,9233,10118.549,91.24826254073535
5702,11370,11042.401,97.0332663890849
10284,1773,1648.5709,92.45230669644407
9422,2687,2356.6472,85.98208586976644
7959,11520,11365.689,98.64231248344927
6773,1572,1550.4413,98.60951097985509
8497,1810,1756.9463,96.98034531460782
8742,11570,12243.1455,94.50185814272191
4773,7413,6932.7583,93.07286251181392
3155,4906,4882.784,99.524537242316
8092,1400,1377.2617,98.34902248857702
3086,1558,1949.232,79.92891331089987
6116,15010,13887.335,91.91590724771636
2172,10280,10207.398,99.28873588167897
2175,12460,10599.309,82.44516243873514
3072,1464,1641.3976,89.192284377394
1667,10750,10350.936,96.14465328937847
2209,9901,9234.635,92.78406508446358
7978,10990,9721.218,86.94832009597242
5766,3479,2680.5117,70.21134898741056
9146,12030,13385.436,89.87380319356554
3600,3282,3261.5808,99.37394807489987
2390,4887,5727.075,85.33151448753308
7434,12750,11863.752,92.52978273334891
3806,6888,6917.8564,99.56841478934228
8986,3700,5890.4683,62.81334243061342
5333,2439,2144.3237,86.25784598919522
3717,1518,1763.9747,86.05565447959829
6042,4557,3575.002,72.53153817114392
4136,1820,1679.6953,91.6470155952763
5990,4368,4882.9775,89.45361646776338
3005,1572,1550.4413,98.60951097985509
77,3776,3892.1614,97.01550460777504
8016,659,1474.1837,44.702705160007696
6301,2092,2230.9407,93.7721036037362
1697,9205,8505.423,91.77492805887972
694,2234,2170.9397,97.09525313790147
3545,7048,6330.191,88.66054608252507
10634,5237,5008.7935,95.44388194629192
6109,3639,7105.9297,51.210751584009394
9845,6292,6084.3496,96.58713907062402
5036,4831,4922.931,98.13259317469873
3216,2721,2587.472,94.83943864502606
5259,4753,5199.5005,91.4126272458752
2961,1792,10815.979,16.56808024730483
457,3576,2928.1638,77.87568517926698
6688,798,1329.6882,60.01406800047665
6067,12530,12075.514,96.23629817766228
9650,4569,4808.022,95.0286838534517
5735,5095,4859.9814,95.16420880754231
3066,9564,9696.0625,98.63797804521165
4760,1573,2067.207,76.09300743568183
8983,3285,2790.753,82.2898306383631
8615,8172,7790.862,95.10788161084905
1307,809,1233.9554,65.56152442241296
9874,11960,11318.852,94.3355698768578
3214,5379,5046.4004,93.4091712185008
4673,2553,2417.241,94.3837194939228
10099,7896,7243.2495,90.98815404294476
1860,1818,1940.9706,93.66447991252565
5479,7377,7065.4663,95.5907554038248
530,6768,6746.602,99.68283368342034
2454,13200,14632.238,90.21176218073694
9524,1529,1598.0939,95.67648225940556
8534,2520,2206.7964,85.80731710609027
9058,1328,1946.7965,68.21462818556401
223,9916,9208.525,92.31717805659454
4670,6340,6751.1655,93.90971046883037
7276,1470,1381.8481,93.62072773208719
2279,2048,1984.9767,96.82498459958838
2448,6745,6040.5356,88.337717101189
5883,5992,6427.142,93.22961770938024
6772,1618,1742.524,92.8538118021904
8564,12900,11200.773,84.82938189954797
5589,3762,4042.8618,93.05289596427731
6419,6771,6019.9995,87.52490782068463
8216,8243,7746.7065,93.59349093348956
1992,4003,4558.3267,87.81731320376205
7518,4420,4506.1426,98.08832994891955
6994,5724,5426.371,94.51513910294848
7942,1920,1804.1755,93.58019990248859
6192,2141,1822.5441,82.52684594482851
9550,2739,2310.191,81.43837036601793
7898,6504,6608.8657,98.413256872556
3047,3707,4035.3582,91.86297370043258
552,2178,2269.9158,95.95069682148302
6764,3731,4061.6453,91.85932689323637
9286,2372,2134.9133,88.89478712874967
9744,935,1115.231,83.83913610943641
4272,1794,1725.1812,96.01092050172493
4212,10170,10333.936,98.41361941797116
9737,3340,4196.0054,79.59951679302499
6991,10250,10160.874,99.12285127876874
4874,9651,8468.478,86.03618589666343
3303,12030,11738.504,97.51675259404398
1389,2516,2438.3977,96.8174881906974
8460,1507,1430.085,94.6216454851691
5305,1044,1664.5585,62.71933475226684
2958,2322,2407.5977,96.44468601189268
3856,3308,2797.4326,81.74871560174282
7818,6117,7068.9824,86.53296379788573
6952,4423,5177.577,85.42605688328145
8208,2526,2342.6309,92.17251237465891
3149,2500,2224.0762,87.59377796434089
4954,6764,6150.2085,90.019988683374
3507,3275,2801.5334,83.09973585371641
6215,3920,4249.6123,92.24370881259159
8050,10450,9834.51,93.74152602373378
615,13700,13065.546,95.14406740832486
1577,3348,3216.073,95.89788533925554
9012,3195,13043.303,24.49532963441637
6173,9968,9054.783,89.91453714143229
4854,3198,3057.494,95.40453363857293
10389,4582,4552.2983,99.34754583423744
5500,1721,1558.6632,89.58487047373906
366,1296,1457.3652,88.92760506639898
4075,3572,3222.4797,89.15368622084377
6088,1954,2048.032,95.40866630848808
5560,2573,2400.4504,92.81178408389945
2248,1447,1324.5142,90.75239483817217
9973,1281,1612.8622,79.4240210853803
8591,2679,2129.997,74.2251791169387
8877,1930,2162.34,89.25515513532036
535,1342,1256.1233,93.16335350211202
4821,4707,4853.211,96.98733602592355
1214,1572,1550.4413,98.60951097985509
5053,3507,3333.3281,94.78983560911813
2557,9731,8500.665,85.52660344474428
976,1803,2060.8079,87.48996128333982
4116,5999,6617.392,90.65504837180728
7188,2452,2395.448,97.6391889116677
5150,1056,1550.8738,68.09064761406711
4752,4500,4390.6074,97.50848646636041
10502,2889,2796.0422,96.67538056242131
3556,2457,2254.6362,91.02454902495833
8330,2840,2684.6184,94.21215352907919
842,1596,1827.9724,87.30985158349888
6609,4441,7129.81,62.28777433765076
5347,3839,5993.4097,64.05368917992035
5167,3538,3227.7036,90.38646592450581
2940,9898,11022.868,89.79514090779139
2418,5026,5178.848,97.04860732993968
8511,8491,8062.23,94.68174412575712
5287,3342,3073.6348,91.26879883789869
2173,5514,5128.3125,92.47925121567768
4707,2701,2509.2136,92.35671386479069
4608,4486,4537.633,98.86212008257334
991,1398,1329.0571,94.81264803489023
2496,1956,1939.6112,99.15504747063983
7210,5605,5575.511,99.47110196155464
5563,3796,2942.9575,71.01410826328811
5564,4367,5433.4556,80.37242499966524
6032,6237,5512.5327,86.85781431817254
10672,3183,2977.9614,93.11480086868622
10202,1952,1776.0304,90.09197112069283
3064,1990,1895.1179,94.99334162372142
1036,12390,10974.228,87.09911512315476
7240,12210,11719.857,95.81784521362731
2911,3514,3245.2146,91.7174845563995
8658,3210,3733.0974,85.98757668598311
2495,21670,20534.69,94.47125533859861
1401,2165,2208.5696,98.02724892748981
9238,2029,1897.1754,93.05153419573364
7627,2555,2309.1533,89.35338431082482
1296,3982,4404.8613,90.400121669551
5272,2739,2596.8245,94.52502319116658
5471,4407,4600.85,95.78664608623087
6145,6381,6125.26,95.82482630679247
4050,11800,11100.312,93.69667711500567
5661,11610,10862.466,93.11819073078571
7993,3756,4485.831,83.73030446777842
6608,1144,1179.377,97.00036930251507
1685,1715,1776.8972,96.51655615126383
5309,10150,9342.723,91.35929243056407
9939,13530,12399.285,90.88080619566968
2085,4809,4616.519,95.83060407116892
1037,8269,9547.122,86.61248844521515
745,1564,1664.1266,93.98323494730433
414,1292,1707.7719,75.6541337507533
8306,20940,19598.598,93.15562078839746
818,12470,12205.653,97.83422752760332
9181,2985,2409.1357,76.09664545968613
9706,23130,21527.658,92.55682256864148
564,5024,6045.8228,83.09869813424413
10070,5485,6042.774,90.76957151414304
10234,3196,3656.876,87.39700281014923
6828,12800,11112.842,84.81794095548594
3516,2178,2470.1284,88.17355341351141
4417,11070,11126.461,99.49255259316368
791,9212,8558.71,92.36695667870325
7163,2325,2197.6448,94.20492219509234
4228,3362,3187.0608,94.51095474935616
8444,2530,2337.0405,91.74342633777238
3749,2113,1720.5322,77.18916464461567
841,11120,10436.436,93.45021152044886
1764,17830,16102.452,89.2715231466772
272,1707,1791.5964,95.27815339055124
797,2300,2300.1433,99.99376949487375
3199,2106,1711.4047,76.94318909926633
801,3735,4195.4688,89.0246173326878
933,9509,8845.192,92.49527213814619
10124,2837,2116.0906,65.93201482271661
9551,3294,3672.8137,89.68600779920293
6865,2277,2064.8945,89.72802409324024
7396,1562,1356.3838,84.84085311284817
8506,15510,14091.459,89.93332757666954
8893,1262,1494.0701,84.46725670542286
2033,5441,6578.526,82.70849883628676
4733,1821,1679.0751,91.5474341189662
4300,4074,4308.159,94.56475097782982
4086,2591,2333.7668,88.97776979005052
2097,16570,14527.438,85.93997471245314
8005,4124,4133.8306,99.76219232384273
5844,2070,2050.4177,99.04496166046577
2095,1411,1573.2987,89.68417723664956
9213,1499,1432.9646,95.39169352762613
6756,1711,1532.1033,88.3234549625169
6237,6047,5638.0835,92.74724284963922
6505,968,1586.8907,60.99978853535464
3641,2116,2235.3794,94.65954661551834
9176,4220,4028.0898,95.23570318204872
6284,1739,1871.4703,92.9215903505851
3218,3316,3399.5796,97.54147277229677
9429,2970,2908.9248,97.90042027851382
113,3231,2650.7468,78.10982293370851
5439,14710,14759.596,99.66397654703712
7820,3232,6623.1045,48.798867718490804
545,15130,13634.205,89.02910060906386
3727,12920,14160.121,91.24215756673603
3764,8399,8480.501,99.03896035401985
7205,12300,11548.441,93.49212099441178
3130,921,1170.358,78.69386757211653
6484,5113,5163.5054,99.02187821133124
188,13360,12848.716,96.02073711616212
5255,12210,13388.829,91.19542797491583
6625,13670,14193.773,96.30983656455874
4918,1764,1751.5284,99.28796145609711
7080,13130,12378.285,93.92714875880488
4911,2878,2344.0403,77.22054008102539
1930,4089,4508.728,90.6907663359099
2655,8121,8000.889,98.49878135492875
5327,1665,2074.1626,80.27335956599579
1064,2555,2309.1533,89.35338431082482
10425,1115,1506.8855,73.99367778409103
3140,4188,4185.0366,99.9291910878076
2371,7927,7978.5884,99.35341470876429
7973,1994,2180.1753,91.46053560146375
5937,1865,1799.2823,96.34756315943835
8052,2855,2822.9585,98.8649672338227
10468,5326,5447.337,97.7725461821672
3413,1687,2344.8145,71.9459911956653
7172,11930,11715.34,98.16770013407235
1247,10860,11376.551,95.45951324630536
8583,2552,2108.4702,78.9643798601576
1929,8132,10599.32,76.721900652533
10217,8116,7840.7915,96.49004190512345
6704,15490,15572.43,99.4706690660728
4699,12100,11663.305,96.25581836194314
1976,16890,16914.828,99.85321680589054
4798,10250,10178.588,99.29840848119242
3695,4459,4524.2544,98.55767627456743
6981,4146,4093.325,98.71314763776465
4529,1105,1375.2064,80.35157364071142
6223,8501,9099.121,93.42660584920847
9141,6788,6879.7363,98.66657203489073
1380,3366,3692.4487,91.1590179228485
5913,3573,3335.7075,92.88629236588177
485,1572,1550.4413,98.60951097985509
8462,1962,1913.328,97.45616031355911
1464,5341,5028.746,93.79062095344032
9047,1776,1523.7944,83.44884579926945
4926,3636,3943.8174,92.1949382303046
6131,9487,9251.058,97.44956314644347
7363,2354,1977.2262,80.94432471013779
9276,4508,4297.783,95.10871565782686
6543,14000,15462.175,90.54353722450332
8026,4950,4559.4253,91.43368556485466
6805,5277,6971.7437,75.69125118686753
9532,6141,6946.5605,88.4034618076223
1280,14920,13952.878,93.0686552610429
5477,2482,2144.5535,84.26495126245845
7318,18020,17605.328,97.64462285476432
5236,10520,9582.392,90.21529867048417
10604,3033,3129.931,96.90309751090408
1348,2121,2127.4038,99.69898481106965
2007,15700,16064.794,97.72923358647284
2892,4267,4284.073,99.60147174844326
8407,3036,2771.9526,90.47431908527084
4117,7176,8116.1416,88.41639725234086
2299,18830,18403.645,97.68330958563108
855,2458,2106.8552,83.33322711076508
2693,2586,2244.8743,84.80423882314365
6006,1598,1531.1517,95.63411873928453
2131,3278,3107.7812,94.52282074229001
1946,17660,17830.404,99.04430491851008
8301,2028,1966.7261,96.8844707666984
8053,2989,2748.4448,91.24758941269167
5483,5556,5045.687,89.88615450986093
6058,9894,9673.403,97.71955461399729
4344,4655,6116.136,76.11014249176124
8000,1336,1536.3441,86.95968474139484
4084,2617,2364.5608,89.32405502351463
60,4705,4463.651,94.59301079673845
6395,4066,4042.5027,99.41874338050201
1330,2585,2535.692,98.05543782448123
1761,6137,5794.885,94.0962547451433
3065,12630,12217.926,96.62729806901935
6444,12770,11618.079,90.08510022726064
10077,17090,16622.135,97.18528792497484
10351,5223,5568.57,93.79428048624258
9637,1216,1692.1058,71.86311723983101
8251,3006,3893.048,77.21456108692347
7788,2031,1703.117,80.74805973136054
4641,2824,2636.751,92.89849420358935
5485,6087,6061.257,99.57528339815815
4808,1702,1505.3379,86.93568330407547
1408,2997,2582.8633,83.96598372990248
9897,4716,3705.2139,72.71989771592449
1944,2533,2183.225,83.97898124571567
1646,1275,1312.3519,97.1538176693483
8797,4268,4110.9863,96.18063259415865
4162,2206,2101.6067,95.03269041392137
10590,9750,9539.8125,97.7967334263645
3232,2633,2581.7466,98.01477734780516
2807,3668,2763.539,67.27164273618803
4183,4270,3783.929,87.15432951589762
9351,8205,7607.8315,92.15060883435096
10329,1748,1739.1521,99.4912520651522
6561,6896,6406.89,92.36587715968321
8594,9154,8587.984,93.40921454575889
57,6366,5888.5083,91.89112632896519
3522,13170,13691.68,96.18980505382203
4855,967,1392.2816,69.45433946270643
299,6349,6664.2295,95.26982837915405
2816,7046,7185.01,98.06528076983194
8257,6754,6513.805,96.31252673764624
4107,9794,8535.024,85.24930304987548
1759,1616,1666.3452,96.97870438878591
731,1220,1497.158,81.48772764282064
4574,2064,2130.1401,96.89503354363194
348,2870,2331.239,76.88950025422163
8318,2726,2729.739,99.8630266976752
5395,16690,16157.619,96.70507854689781
5416,12570,13227.103,95.0321505626653
71,1112,1199.7146,92.6887111619768
1050,1932,1828.4751,94.33818363310232
512,3376,3753.4775,89.94325834818284
7109,1150,1279.9722,89.84570358471082
5151,3651,3803.8125,95.98264898703603
6955,5407,5564.1577,97.17553450319187
9655,4194,8970.898,46.75117023361129
3744,1157,1483.4077,77.99608889871986
1272,2547,2385.8022,93.24345703127
10157,4128,4409.1772,93.62290898278461
739,3874,4392.9272,88.18721055407445
2222,3043,2463.8994,76.49658169354107
665,964,1417.0582,68.0282560917862
9894,762,1233.9554,61.75263487006016
8574,2136,2002.4237,93.3292692479908
5455,1967,1889.5004,95.89840599266597
1033,1386,1360.9691,98.16080442304593
2757,8588,8745.897,98.19461111175005
6314,5159,4778.858,92.0453359988826
3766,3263,2947.477,89.2951516234836
6486,6533,5763.9062,86.65672693756947
10049,16510,16373.022,99.1633949114203
72,7396,6621.4414,88.30226613469854
4307,2183,2100.9233,96.09330532915332
8664,7722,7387.7695,95.47589475637785
6789,20870,19064.867,90.53162660538464
7425,1729,1796.5839,96.2382016379692
452,2154,1875.2463,85.1350909756778
1248,4061,6753.39,60.132761735768845
961,5186,6326.2715,81.97561569731381
10118,1713,1934.9814,88.5279806764943
266,9613,9267.761,96.27483631249838
6578,2426,2315.6206,95.23326946259809
10409,2757,3200.015,86.15584903665227
1108,3509,3962.0212,88.5659058150941
4038,4752,4562.8545,95.85466711383512
1808,3012,2984.6616,99.08403757688848
4428,1658,1704.7714,97.25644368864474
7786,1047,1282.3871,81.64461513053155
4163,7790,7194.6074,91.72446051309589
6920,2834,2775.8079,97.90359630136531
6882,6725,6241.311,92.25020252765465
1363,3744,4250.6133,88.08140737044378
2498,1520,1735.574,87.57909615129519
5169,6242,8814.304,70.81671116295234
6000,4859,5075.059,95.74272774880141
1753,2118,2387.3108,88.7190728568251
7459,13360,10589.22,73.83395240645405
2132,10250,10046.954,97.97903029729255
3240,6101,5308.934,85.08050946329139
7916,3998,3715.0308,92.38312529745151
109,9927,9522.266,95.74960003281782
1587,2177,1975.3192,89.7899648463414
5412,1738,1567.9965,89.15791301956781
9538,2142,1989.0365,92.30966847256632
7901,3433,3303.8528,96.09101175895418
8433,10290,10435.537,98.60537020903071
5559,3000,2930.1753,97.61704676171416
962,3774,3243.4302,83.64170660492327
202,17310,16955.004,97.90624587459315
8810,1476,1494.5421,98.75934481330955
9540,13450,13611.693,98.8120996035836
139,5054,5074.332,99.59931610456734
8876,3006,2932.6523,97.49893108174528
3868,12830,11592.449,89.32450979169832
3100,3723,4775.7983,77.95555287457564
5667,3881,6166.342,62.938450832661054
7913,5122,5116.5054,99.89260973051466
7502,976,1528.0848,63.87079926292159
6594,5425,5318.8403,98.00408244388477
3427,8326,7661.264,91.32341835567
8099,6105,6914.442,88.29346016818145
2339,1345,1316.3582,97.82416011860968
1082,1231,1509.4708,81.55175836808368
5983,24530,22698.154,91.92953894327344
1370,3917,3291.2532,80.98758153435956
561,4760,5402.2017,88.1122234867168
364,1766,1768.8873,99.83677145208401
1973,6738,6702.6294,99.4722876145053
9876,4664,5172.199,90.17440749560262
7595,9731,8919.75,90.90501415398413
2821,2570,2494.19,96.96053386571644
4834,1067,1244.4698,85.7393211392158
8648,5749,6882.108,83.53545272831208
6086,1601,1473.0245,91.31206163047587
5141,2999,2932.8027,97.74286675168737
2513,5334,5438.0874,98.08595569282521
5903,12650,11617.803,91.11538309588514
1548,12430,11000.966,87.0099207376057
3519,3992,3555.1604,87.7125206626014
5079,1280,1384.7638,92.4345368933404
3123,3429,2876.3164,80.78502098903084
800,7315,7755.0728,94.32535621687644
1612,5719,6851.927,83.4655740223617
9277,1502,1664.8695,90.21728092398853
9407,5124,4842.385,94.18436890075066
9419,1201,1350.565,88.9257497495442
7389,11060,10925.196,98.76612092477959
330,15800,13982.209,86.99925728719712
498,5394,5519.979,97.71776298755665
3187,1029,1175.5126,87.53628190993395
3036,5054,9817.266,51.48072990028728
8616,1995,1639.2339,78.29680583327946
3390,6394,6139.791,95.85964760481147
10512,4961,4676.073,93.90670883334562
2497,3942,6421.9004,61.38369890873302
1968,1117,1193.3076,93.6053691363046
10209,21680,18026.723,79.73410134823713
5217,1056,1264.3615,83.52042051241551
1831,14530,13308.858,90.8245954310712
3538,3233,3071.35,94.73684545219689
9557,4147,3729.6123,88.80881815013551
7483,3226,3127.0068,96.83425175395175
4882,2564,2059.5933,75.50940044053563
5734,2477,2080.6958,80.95328499870345
8904,2212,2170.378,98.08226623837383
4793,17560,17316.064,98.5912760515801
10040,4391,4546.53,96.57915393705257
6909,8613,8550.886,99.2735927050686
7385,4765,5539.9907,86.01097435981505
8928,1013,1241.9113,81.56782507745187
8273,1759,1634.1794,92.36188185160181
2885,3287,6365.1406,51.64065012310706
2275,5146,5055.928,98.21849177090516
8979,10160,9184.198,89.37521020256109
6072,4249,4402.049,96.5232364723635
1190,15090,13555.309,88.6782997551409
5252,2215,1981.5326,88.21783663422909
1773,2010,2035.02,98.77052710582113
8567,11220,10275.583,90.80911524465851
9812,2622,4667.454,56.176235329711034
8961,11370,11070.449,97.29414068633591
9769,2441,2069.557,82.05204611824716
135,3940,4345.9985,90.65810694890966
10582,4214,4227.091,99.69031135433394
8640,14160,15780.655,89.73011421036846
9490,8503,7734.6445,90.06605325369974
4427,6997,6681.0566,95.27105701433712
9698,3900,4189.15,93.09764727726797
6565,3063,2780.3716,89.83486884288068
1948,10060,10064.374,99.95653953810427
3284,12000,12216.415,98.22848979532453
7129,4528,4871.2373,92.95379626943632
4021,2076,1762.0142,82.18028850483773
7713,1851,1832.3733,98.98346537380213
7454,2907,3312.53,87.75769500320715
7390,5758,6769.567,85.057140134793
10172,27760,40291.863,68.89728530603408
7771,3433,4219.753,81.35547405744052
10028,1120,1536.3441,72.90033451374418
2809,3185,3035.0005,95.05767750951183
6954,16110,15899.842,98.67823714342676
7987,2555,2309.1533,89.35338431082482
1900,6029,6498.396,92.77674065452601
8394,2012,1902.7507,94.25835104322522
6039,1483,1350.0668,90.15358127089164
10385,2829,2676.2832,94.29369818946374
6342,4257,3845.6235,89.30273696624245
7099,3256,3746.738,86.90225918521965
7376,3447,3746.738,92.00002684626908
10034,5289,5063.424,95.54498735377379
7775,8352,8106.0986,96.96646465425277
2142,2973,2661.7554,88.30679061320517
7855,1864,1958.251,95.18698176635421
4281,5429,5985.018,90.70983478684609
680,11280,11167.223,98.99010392089853
9042,2624,2442.7205,92.57878484012056
1971,1586,1745.5912,90.85747065203262
7482,7199,8423.929,85.45893783090696
6858,8233,7879.856,95.5183946902781
7761,3262,3118.2852,95.39122188803191
2509,1606,1565.8624,97.43671138943577
7309,6652,7084.606,93.89371886516989
1687,9808,9166.192,92.99810007925483
4100,2122,1920.2377,89.49284600759017
4928,1770,1829.7184,96.73619807735685
267,2204,2653.0303,83.07481531842089
10423,1632,1396.289,83.1187476499115
1643,1661,1695.6003,97.95940464601416
8791,1870,1721.4244,91.36903379535353
1671,6988,6716.577,95.95891113041645
373,6504,5984.488,91.31901968884235
6369,17440,17455.639,99.91040905366472
6738,2086,2150.7554,96.98918008230666
8455,3672,3285.0579,88.22114693238805
939,16720,16169.777,96.59721562917703
8255,2620,2344.5881,88.25329442085972
7893,3592,3094.9639,83.94048673452934
6802,1951,1872.5905,95.81277658835138
1417,2503,2215.6475,87.0307644095639
9263,2016,2080.814,96.88516292475877
5506,6575,7018.902,93.6756224177307
6794,7112,8069.7754,88.13132529391477
3939,2850,2802.7456,98.31399630280227
1103,4862,5737.1523,84.7458758053831
4507,1845,1602.5486,84.87088513642287
1714,4355,4631.76,94.0247383364095
9972,1588,1574.8857,99.16728830154469
4669,3731,4061.6453,91.85932689323637
5554,1526,1852.2554,82.38604804794831
4321,5249,4994.3735,94.90173365985963
5507,3703,4185.7676,88.4664504391509
6806,12400,11820.077,95.09374732262927
4103,1742,1955.8505,89.06611380481749
7837,2788,2181.532,72.19990252424165
4176,3399,3807.782,89.26456440234858
5861,9713,9641.0625,99.25384261330117
5746,2385,2336.347,97.91755771903271
9467,803,1333.2413,60.229155826456406
814,1331,1277.8773,95.84289666462911
8093,2787,2261.2217,76.74804177602073
2882,6051,5855.8276,96.66704050410519
10206,2046,2246.027,91.09418138168665
6837,15180,14300.933,93.85307653463104
10181,3509,2854.738,77.08154112966837
928,7606,8275.239,91.91275035122781
5808,5103,5852.7505,87.18977530679895
3305,1889,10804.748,17.483054596042575
5669,1707,1622.9207,94.81925715342183
1910,1735,1790.7177,96.88852950521553
5399,2060,2007.0074,97.35962346283667
2374,2361,2090.6448,87.0683328037466
3785,2350,2081.1953,87.08412007823027
2691,9594,8648.647,89.06935976599483
1790,3654,4122.1865,88.64227708339898
218,2589,2440.4136,93.911424385155
7302,1926,1834.9742,95.0393986632215
249,1517,1491.3723,98.28160377536092
1029,2881,2763.1746,95.73586695768488
7754,1485,1744.359,85.13155792573285
7185,2071,1949.7788,93.78282342222812
3832,3033,2622.1633,84.33214799363262
3845,4829,4886.417,98.82496740905863
2949,2649,2330.5212,86.33444079944981
8705,4244,4429.1523,95.81968897477033
7428,10990,10225.871,92.52749326444147
7118,7658,7039.4204,91.21263465169258
9270,18560,17825.293,95.87828916731954
405,4641,4302.061,92.1214747518932
10689,7390,6927.89,93.32971721315259
5165,1910,1695.8536,87.37235587171807
2518,1319,2124.876,62.07421113272695
4149,1394,1498.8508,93.00458538141119
6502,1455,1624.2971,89.57720744895516
198,1012,1286.4257,78.66758508574215
1746,11490,11370.827,98.9519421058223
6393,12430,13176.828,94.33226177107777
7881,4581,4340.6196,94.46207243102016
777,19760,18335.008,92.22802519599418
3458,2997,2937.7341,97.98259929249322
7915,1026,1262.8173,81.24690973870563
8230,2211,2436.3184,90.75168651469663
9189,2798,2417.4626,84.25881144144974
6923,1933,1675.4404,84.62735136691552
8546,1455,1526.1652,95.33699477977932
2735,2508,1904.7189,68.32702522267982
1863,4534,4313.3677,94.88491728962593
2399,11610,13826.737,83.96774845837284
3050,1380,1502.0259,91.8759136829848
9217,2949,6685.108,44.11297528226547
2749,2335,2322.4192,99.45828855514074
10529,6693,6206.578,92.16280106036689
5703,5804,5463.3374,93.76456966560207
3190,9678,10108.372,95.74241957736727
5120,13900,12766.765,91.12355101101363
8587,13960,13855.988,99.24933742264528
37,11610,11162.38,95.98992220398507
7120,2228,2085.9136,93.18828797427685
9438,1557,1524.472,97.86628071081537
7784,1726,1791.1411,96.36315012824892
4174,4208,4539.469,92.69806180233634
1542,21790,20309.46,92.71010162674338
6252,3940,3488.2388,87.04901641439362
9616,2964,2825.2922,95.09049853716564
555,1431,1681.315,85.11195402826274
639,3920,4015.3052,97.62645249591256
8456,965,1304.4508,73.9774927356301
7575,3447,7206.481,47.83194489172717
10086,1713,1528.9465,87.9620730483436
1412,17860,16704.244,93.08106461061485
8681,1197,1447.7004,82.68285118792751
1325,1069,1178.3138,90.72285847748832
8873,3646,3464.2966,94.7549708208575
9076,5336,4801.355,88.86470544864706
9528,2427,2621.059,92.5961576615488
2944,10060,9479.938,93.88116784859311
3982,3796,4145.2285,91.57516855081403
8314,3853,4269.8955,90.23640023392332
4940,1496,1513.8523,98.82073733469511
7601,5701,5423.647,94.88622639448975
6057,1517,1657.4231,91.52762525952653
1580,20100,19033.299,94.39560539921348
9510,6761,7663.5024,88.22336851450599
4287,3766,4586.034,82.11888207637872
8869,4478,5388.651,83.10057750315627
837,2370,2563.2798,92.45966880886284
140,1775,1909.2959,92.9662081949999
579,2569,2247.2808,85.68406566008268
9472,1023,1288.6562,79.38501830880035
5084,6770,6239.025,91.48945378536983
4170,16060,15710.589,97.77595139325257
4057,12850,13859.086,92.71895749798614
2183,7346,7127.519,96.93468434508385
157,26800,23431.752,85.6252829339729
5153,12760,12225.278,95.62609810854734
6896,2608,2553.9211,97.88251655384772
2623,17520,17262.291,98.5070985992431
8171,2838,2247.987,73.75372172695734
2595,2478,2378.9558,95.83665282835344
453,8114,6482.394,74.83019473644923
4051,2564,2059.5933,75.50940044053563
2869,6394,6139.791,95.85964760481147
5254,8608,7729.8164,88.63901097262881
5281,2633,2581.7466,98.01477734780516
1420,4982,4547.803,90.45260412366419
7982,1293,1428.2177,90.5324198144626
422,2344,2067.9932,86.65339708399739
1075,3267,3221.563,98.58959728914097
1424,3878,3873.447,99.88245667256137
6605,11100,11531.362,96.25922511764156
1627,11140,10161.575,90.37132741842187
4387,14120,12992.557,91.32239026882729
8155,2322,2407.5977,96.44468601189268
6123,23690,22320.928,93.86641862776797
9071,3666,3446.697,93.63730037341145
10430,3278,3958.2727,82.81390000730892
6528,6831,6970.307,98.00142050658664
10464,4094,4294.498,95.33128098589083
675,1563,2008.247,77.82907382820072
2673,4297,4524.6953,94.96772054748162
1441,2218,2199.7944,99.17239692362945
6676,1989,2307.4397,86.19943577970926
6113,2861,2761.8538,96.41015604523577
10559,2834,2525.0652,87.76527369584655
4132,7556,7282.099,96.23870982320395
9247,1835,1774.7913,96.60755934518596
5371,1268,1468.0836,86.37110204837784
251,5851,5225.3726,88.02712276702012
3975,2129,2016.0725,94.39863944935676
4087,3707,3810.1672,97.29231737272646
2556,3433,2954.2524,83.79462933215478
180,19040,18267.887,95.77338477549509
7997,6558,5998.272,90.66851203321009
4643,6583,7538.8315,87.32122428361957
4029,3907,3507.7954,88.61950190458889
6984,1920,1790.1853,92.74853295536822
10221,10990,10774.653,98.0013586211491
944,16400,16456.996,99.6536664806547
235,2022,2128.7112,94.9870521392958
2868,5085,4700.4355,91.81853576567664
10555,4089,4460.069,91.68019911057549
816,23250,21362.059,91.1621747596818
9344,2072,2261.5737,91.61761883264103
10476,7959,8589.696,92.65752515760559
8775,9063,8248.379,90.12386430098718
5443,3661,3278.414,88.33015201233448
2036,1164,1410.604,82.51784319175664
2860,1371,1298.3953,94.40811759257362
371,1557,1540.4744,98.92723727583024
7773,3958,3956.0063,99.94960441999969
7850,4065,5418.5713,75.01977519803583
48,4178,3920.6094,93.4349331856097
2404,4941,4577.4067,92.05678493287503
2477,4358,4486.1313,97.14383423652562
8826,1537,1503.9666,97.80357833054421
3039,1558,1492.9451,95.6425100280404
3484,3115,2851.0205,90.74087711876744
5717,2005,2022.0269,99.15793128945349
8769,1889,1761.9949,92.79196955133557
3690,1627,1636.9532,99.39196509807925
10522,9206,8771.553,95.04708825471188
6795,5262,6193.898,84.95458018748448
5448,6066,4978.1226,78.14683289530018
938,3055,3883.4033,78.66811010900001
830,12260,11739.866,95.56950837669756
9273,4249,3370.2788,73.9273442551509
5647,1363,1502.0259,90.74410894920891
5809,1684,1788.3236,94.16640210370727
6607,6159,6550.663,94.02101618112074
4416,2286,1872.3303,77.90615935580152
6761,3340,3107.9197,92.53261517894799
3506,1851,1973.3207,93.801277205951
4262,1531,1441.1918,93.76847486537419
3333,3922,4159.3267,94.29410864913086
7516,3093,4007.7397,77.1756699774399
8170,5200,4902.952,93.94144909904607
9601,3977,4233.654,93.93777053587195
4891,4359,4245.4097,97.32439644427535
9726,4211,4695.289,89.68563902981212
3922,5823,4382.9424,67.14404408247262
4601,8943,7999.9043,88.21116268236607
5848,1640,1870.4442,87.67970666226186
5697,4242,3276.0942,70.51654526807823
9334,1959,1962.8022,99.80628481033598
7342,2050,2076.4348,98.72691334834475
6509,1790,1742.4491,97.27103056204496
4402,19650,18305.143,92.65311692528344
2642,3913,4923.276,79.47960049862792
1632,16190,14432.994,87.82646315618254
9667,2773,2981.5955,93.00389801856524
2549,1248,1369.7004,91.11481343309521
9583,4324,3927.4285,89.90251416274526
10207,843,1181.3671,71.35800757179426
8017,2143,2490.5098,86.04664111655104
8958,3530,3164.518,88.4506289449374
7395,1251,1664.5585,75.15506491866458
7131,1452,1566.771,92.67467955560224
632,5375,8067.9043,66.62200990760311
2478,4898,5071.5767,96.5774615708776
7403,1725,1761.2528,97.94164656769324
8266,3741,3930.5557,95.1773825315431
8009,2780,2517.4817,89.57218590122488
8172,1219,1180.8782,96.77173928549352
9091,16050,16243.72,98.80741769851078
2722,2555,2309.1533,89.35338431082482
3525,4624,4933.1777,93.73268608952378
1827,8743,9119.4375,95.87214123678133
368,2195,2356.969,93.12808125421775
7430,1189,1411.4556,84.23927952810793
3309,1856,2008.5067,92.40696021505697
2346,3258,2627.4197,76.00001523892924
827,1167,1264.5804,92.28357161673654
8665,2948,2870.6272,97.30467255350763
3397,3000,2465.9233,78.3417168114362
7402,3915,4160.886,94.09053223642096
2065,1357,1334.499,98.31390085962444
2453,8363,7700.23,91.39285422367472
10557,3705,4294.1455,86.2802621210519
977,2727,2408.7432,86.787431691109
8414,10370,9510.76,90.9655983796313
4091,12130,12305.043,98.57746966674931
9986,8588,7793.541,89.80618716470194
4990,11440,11024.917,96.2350464125341
1966,3924,3819.7488,97.27073096356051
8239,7055,6256.84,87.24339800630685
7638,9628,9322.818,96.72650877813027
6664,18220,17967.947,98.59720907097045
5656,9553,10029.899,95.2452223659007
2494,1981,1893.1852,95.3615303863125
4316,4078,4415.0923,92.36500024496497
8777,6667,7031.3765,94.81785015116742
7262,1572,1813.2471,86.69530069771888
856,2940,2492.913,82.06568385458309
7577,4661,4618.5244,99.08032128598974
1321,3586,3901.2883,91.91835354369178
904,3023,3614.47,83.63605243653286
584,13340,11628.678,85.28360399423367
9758,2214,2147.6367,96.90993915914115
5442,4978,4942.187,99.27536153131535
7659,8356,7382.2344,86.80933745076334
8840,5765,5180.465,88.71655008034239
3854,2375,2380.5168,99.7682500876613
9207,2149,1730.8173,75.8390011041089
6885,1314,1363.7794,96.3498922000297
4090,23620,21996.094,92.61729710530989
5145,22610,21038.922,92.53251599899295
7005,2207,2456.8232,89.83145234473348
6706,1287,1536.3441,83.77029510641853
7746,4717,4598.3413,97.41953275228849
5934,14220,13307.891,93.14610105611685
3469,3692,4279.7827,86.26606176044595
7446,1108,1443.1635,76.7757802035882
10403,2463,2161.8545,86.07003806681817
3260,5901,8427.325,70.02221776468637
5219,1013,1107.5555,91.46268169792117
2088,2499,2215.744,87.21620743421408
2941,18160,16590.914,90.54249855318966
3630,12640,12428.847,98.30110286373079
4030,1325,1341.8373,98.74520699931615
5752,2159,2390.8472,90.30271900793532
3950,1565,1413.3658,89.27141505228792
6779,2486,2269.8127,90.47554665390578
2083,2352,2314.49,98.37934016029915
2251,1459,1594.8466,91.48215500930999
314,5931,5209.867,86.15832637288318
4205,6091,6285.507,96.90547093473188
2114,2633,2581.7466,98.01477734780516
1953,4850,4772.786,98.38220559147494
1594,931,1367.9485,68.05811836518852
2393,914,1241.9113,73.5962409879477
6834,3862,6807.5166,56.73140773705306
1011,2885,2353.4045,77.41164131709537
4795,2592,2493.9934,96.07029467381444
3406,4771,4876.722,97.83210598579608
3589,3099,2435.3516,72.74937845857727
4952,3097,7234.999,42.80581089185206
1689,16120,15487.397,95.91537222016765
1384,1759,1871.4703,93.99026879049983
46,1947,2301.7732,84.58696128780642
61,7416,6765.289,90.38162402983059
7012,2204,2653.0303,83.07481531842089
6409,6472,6002.5186,92.17859235194081
9441,1039,1227.9331,84.61372980113384
7313,1693,1751.1943,96.67687733204403
5571,3042,2831.4685,92.56458287616634
4757,13130,12808.466,97.48967453090604
2752,3834,3543.515,91.80234551771478
1476,4514,4771.082,94.61166189207931
3724,1418,1270.0901,88.35437631396488
2566,2309,2223.4692,96.15327434055865
8995,2225,2207.1555,99.19151676083725
6697,3545,3461.0667,97.57492824936203
5731,1915,1958.251,97.7913466108199
5256,1670,1552.9727,92.46430107580974
2522,8798,8354.953,94.69719496481316
5693,4118,7241.553,56.866253321404024
4961,9148,9956.535,91.87935216858588
2278,8770,7788.499,87.39807280441426
7947,15170,14214.511,93.27807143599614
2063,4515,4574.31,98.70340974192764
10666,3489,3182.3481,90.36397523018591
3694,834,1460.1278,57.11828756696454
7977,3062,2540.3755,79.46663734849422
3564,15340,13840.239,89.1637657828717
4730,2087,1689.5974,76.47945096018533
3871,2998,2694.0159,88.71631996153222
3682,5993,5567.296,92.35348525875952
5578,1547,1439.0437,92.4980527874024
3955,3685,3981.662,92.54928968792967
7155,7859,7818.787,99.48568889186427
5045,1438,1522.4276,94.45440875990951
8227,5843,5635.3843,96.31585509632521
9899,5229,5075.582,96.97733249496478
5831,7685,6926.8203,89.05443402174294
7763,4936,5061.6416,97.51776969899024
5069,1600,1427.9686,87.95272047959983
992,12500,13512.553,92.50657700081247
1487,1742,1752.6,99.39518568220944
5168,10670,10005.131,93.35471819439518
4309,3305,3391.316,97.45479571775049
1718,3670,3694.6233,99.33353716803815
10675,5235,4828.5015,91.5812693003003
7734,1658,1844.1947,89.903739451614
6365,3902,3664.7295,93.5255655753497
3909,1661,1635.1057,98.41635394548295
3670,2183,2026.6969,92.28779100460822
1317,5595,5136.1025,91.0652589692794
7926,7379,6997.7227,94.55140818692689
7829,3097,2519.0518,77.05691276905799
9414,1530,1623.2283,94.25661361854414
5461,2793,2717.5342,97.22300382175217
7568,6466,6472.3315,99.90217523736669
6564,1177,1212.4064,97.07966133419009
2524,1665,1508.9576,89.65893050299154
3142,11210,10254.642,90.68364906783353
10183,1064,1639.2963,64.90590035158684
7723,2961,2424.4272,77.86806121855052
1633,9467,8956.098,94.29548042731012
5397,1883,1927.2766,97.70263328741311
5040,4871,5272.487,92.38524759972933
402,1554,1688.08,92.05725086813698
2020,2139,2225.5156,96.11255818525201
10585,2016,1873.3512,92.38536778402727
5553,3073,2553.486,79.6547191201061
5651,9159,9108.636,99.44707133715718
2874,2775,2331.3284,80.96914888815421
7245,10660,10269.762,96.2001233140831
8723,2607,2134.5667,77.86748193021194
10496,3544,3736.7642,94.84141487408748
7610,974,1324.4712,73.53878335140388
5466,1519,1582.1791,96.0068314604245
4385,2946,2562.633,85.04011558088875
7392,4564,4508.6865,98.77317981024044
4383,1930,2032.9072,94.93792804620462
5488,3203,4036.8042,79.34494322563087
4628,1451,1469.8983,98.71431137573873
425,5301,5067.725,95.39685168693077
2101,5194,5294.6675,98.09870061075416
4492,11000,10627.292,96.49291646370033
5174,2322,2192.7974,94.10786245540655
2296,2161,2048.1528,94.49029553830542
8731,3857,5073.184,76.02720377644364
3010,5225,5308.716,98.42304950677183
131,19640,17973.174,90.72603321030203
4922,3801,3177.6038,80.38156147321666
5663,10320,9716.398,93.78780557031887
6727,16690,15585.088,92.91045313873624
3862,8471,8323.94,98.23329381613533
10163,973,1178.3138,82.57562329148375
3814,3633,7295.8945,49.7951277179107
2446,6841,7604.3516,89.9616481928008
6529,1284,1551.7356,82.74605567826725
5973,1742,1907.6975,91.31426712477167
7499,1966,2008.4758,97.88517096187944
3584,8593,8001.8257,92.61200706210906
6950,1777,1583.0746,87.75007716747297
5013,6610,6576.869,99.49625180816884
6559,2837,2584.016,90.20966295765453
7355,3299,5059.7876,65.2003653577896
4197,9933,9235.877,92.45201023775955
10660,1376,1589.3553,86.57598207188802
3784,5556,5046.7725,89.9098375644242
4060,15740,16415.752,95.88351508322859
7634,1242,1341.7399,92.56637813851808
2724,5439,6344.822,85.72344804737808
10073,1938,1722.8486,87.51188217642361
5414,6703,6105.8105,90.21932553359937
513,4340,4398.693,98.66567471715396
1335,1571,1558.6978,99.21073562447118
7361,5901,5285.124,88.34699102932446
1794,1761,1666.6556,94.33930092652713
10673,3395,3342.9226,98.4421597896851
1145,871,1329.6882,65.50407672733729
8291,3960,4250.4214,93.16723307420231
5031,9694,8612.566,87.44353839797134
6934,11140,10847.291,97.30154760342128
10646,11900,11595.693,97.37569258522198
10189,9186,8175.753,87.64337573553469
2555,2973,2421.9648,77.2484246552144
5313,8184,7503.5913,90.93222613780966
10247,2597,2345.3635,89.27089673369657
8148,8269,10127.227,81.6511801031409
8759,4461,5953.4014,74.93195443846685
4863,1897,1943.8309,97.59079188259784
5728,6293,7146.891,88.05227196347735
2144,5386,4404.8086,77.72453932181716
10105,981,1474.1837,66.54530161148338
10194,3186,3456.5598,92.1725695785209
1185,3188,2778.711,85.27054192732129
2696,2257,2085.4407,91.77347366794409
4947,2167,2044.4042,94.00334695525532
3792,15060,15545.109,96.87934408631332
9425,2176,2006.0234,91.52669109829381
5645,10340,9999.482,96.5946479651779
474,2994,2737.6794,90.63730572027464
2953,3001,2540.7961,81.88741514087351
3196,2827,2543.2488,88.84296247331443
1911,2288,2086.787,90.35776626561278
9578,1870,1743.2548,92.72939090073955
6517,11600,10975.087,94.30607619938944
9453,1757,1677.7308,95.27521558361845
1611,3435,2937.8027,83.07587981291822
10561,3710,3566.7844,95.9847425817183
8215,5206,4916.153,94.10418719938389
5352,2224,1995.9606,88.5749532334869
3812,7771,7239.328,92.65578426865409
2979,1943,2223.0928,87.40076092261317
9866,8184,7462.6904,90.33445676048623
887,13920,13086.661,93.63215064002803
3827,12980,13117.631,98.95079484359299
10002,2849,2687.5625,93.99316294969884
6510,15400,15832.485,97.2683672717258
7438,6860,6193.3345,89.23575772813341
118,3648,3913.759,93.20962197855036
7604,7859,7738.6006,98.44417071632708
4906,5229,6178.5806,84.6310887071823
10010,7324,6486.197,87.08329007866841
3296,3369,4198.0664,80.25123173335939
9156,10950,10080.505,91.37448840811527
5953,1344,1412.6201,95.14235169437335
5606,1427,1452.9995,98.21063176490712
1359,4093,6223.781,65.76388463384245
5421,1843,1805.0076,97.89516496736037
1567,8217,8053.821,97.97389086180164
8973,4610,4853.1763,94.98933778569024
2773,2990,2852.5974,95.1832464228094
1285,3730,5193.8755,71.81535268636804
6056,3041,2763.5684,89.96110808390702
8741,3900,4189.15,93.09764727726797
4895,3083,2766.546,88.56140063531106
7783,2622,2712.3303,96.66964154313729
8469,6530,6068.704,92.39877425695
5164,6598,7602.7783,86.78406395688253
9454,1439,1383.8927,96.01794996122821
178,4923,4811.5874,97.68449394472228
9558,2619,2121.7356,76.56331894964103
8162,2731,2381.6099,85.32966536184144
1981,9268,7822.0757,81.51482579695599
9544,4855,4981.866,97.45344002496554
5492,1567,1495.2449,95.20111198863977
4747,5821,5616.825,96.36494287096751
10690,14020,13660.536,97.36859619788956
8817,9277,9344.198,99.28085598736432
418,12680,11200.154,86.78727396159267
5858,6508,6415.095,98.55177854661798
4375,2375,2139.9126,89.01415868100264
10437,3345,2957.5864,86.9010227108946
4966,7572,10564.912,71.6712067418036
8493,897,1170.6384,76.62485518573244
1365,2068,2016.7546,97.4590185466551
4253,5429,6496.3975,83.56939415490346
2229,13450,14591.1,92.17948173938977
9877,1526,1651.0491,92.4260838538234
9608,3935,3808.982,96.69155515559633
7609,1137,1685.922,67.44084257609818
1922,4070,4352.6367,93.5065401269884
4152,1549,1534.0847,99.02774057783017
6101,15680,15617.298,99.5985083397047
10453,5146,5391.9697,95.43822129878107
793,3302,3136.297,94.71660768847121
6366,9371,9044.914,96.39481442005133
4539,12100,12074.476,99.78860850824671
7301,5553,5066.7627,90.40339297640007
1710,4734,5422.0474,87.31019267849284
8734,5760,5538.7305,96.00504966799843
10651,3886,4300.945,90.35224023609456
6801,8579,7904.3916,91.46539756071617
6875,1709,2027.3901,84.29556645500644
6466,3220,2735.5227,82.2894069194707
565,1092,1480.3013,73.76876737704826
8656,15440,14721.043,95.11612707892905
9056,1428,1430.4437,99.82916310916485
8197,1129,1482.1565,76.17279312024402
1077,1685,1997.9214,84.33765268248763
4686,3381,3573.1897,94.62134077536668
8585,3995,6811.956,58.64688450611667
3596,6885,6245.42,89.75921417413699
2890,1663,1510.3613,89.89389697467365
4182,5334,5040.498,94.17712395887219
4382,11240,10836.907,96.28037072745744
2923,5676,5020.9766,86.95426219687717
5985,1315,1412.3029,93.1103406042654
1891,2783,2750.5923,98.82179140039618
83,6298,5705.394,89.61323350204759
970,10340,10150.345,98.13153859749029
5157,5349,5117.564,95.4776132404763
7549,10720,10522.671,98.12472419343837
10226,3753,4257.0674,88.15928108519908
2826,7865,7448.5317,94.40872004910258
9807,7902,7847.3535,99.30363167319796
4066,5186,6852.755,75.67759373689385
9795,2143,2163.5623,99.04961108451175
931,1558,1896.5925,82.14732347267014
6320,3150,2553.933,76.66082587461321
2846,8697,9283.302,93.68434019373453
5543,2238,1764.4703,73.16307034585188
6755,6993,7313.3105,95.62017030697719
8509,12400,11856.663,95.4174550619818
6222,10820,10054.821,92.38993226294482
9395,1170,1169.0249,99.9165888036863
1128,13750,13080.091,94.87840574740372
10307,10150,9869.294,97.15576356076797
2547,887,1417.2402,62.586425257053556
6987,2675,2558.3647,95.4410232518903
8025,10980,10469.352,95.12244445654989
9340,1845,2206.2524,83.62596978358513
430,1030,1460.1278,70.54177001675478
10210,12580,11961.392,94.82829072867499
10062,14860,14244.705,95.68053590088093
5198,1672,1647.8823,98.5364442941832
8272,6144,7040.403,87.26773377294626
1047,3588,3453.154,96.09499184784855
730,2096,1996.9075,95.03770050687508
10687,1926,1867.7025,96.87865252124823
6317,6291,7217.798,87.15954823586715
5362,5943,5361.104,89.14596703086221
7447,4373,4522.0054,96.70488292547716
2591,17260,17123.941,99.20544814699997
2828,5463,6601.471,82.75428069900079
354,24890,22221.39,87.99080840603332
642,4746,4324.6987,90.25825159650864
9815,10700,10544.425,98.52457390332626
9444,2141,2105.6855,98.32289996113572
2989,1193,1288.8494,92.56318326874879
7088,5208,4905.4453,93.83226866826884
1106,5701,5446.1997,95.32150294379045
6533,6958,7232.446,96.20535281783094
5591,930,1419.4165,65.51988070031804
9864,5940,8482.543,70.02617047603741
9743,13000,13852.21,93.84784115068507
8454,4456,5348.6343,83.3109868602373
679,15220,13979.087,91.1230748219386
5843,3897,4258.58,91.5093746861231
8339,2940,2927.1628,99.56144707701861
2333,2186,2215.9956,98.6464050111505
9226,1677,1587.5107,94.36291954225211
1591,1688,1811.6909,93.17262581923019
6524,4552,5009.288,90.87119610426802
2017,2986,2549.632,82.88506316925131
6584,3738,4085.3638,91.49736010971904
2443,7271,6555.077,89.0783459088174
6897,1916,1790.8834,93.01369505396289
469,1867,1754.5515,93.59104104656375
10059,1971,1814.7322,91.38893197668874
6742,5031,4960.67,98.5822463652567
2265,4691,4511.2896,96.01642840265865
5701,1504,1354.4841,88.96141595651163
1196,2626,2322.7576,86.94472312688177
1605,5710,5266.837,91.5857830198947
1078,3427,2993.8547,85.53218837186753
5297,1707,1736.3618,98.30900356545388
6139,11250,10867.374,96.47913124424265
6362,2140,2019.5332,94.03491872831844
7922,1901,1767.9192,92.47246076965536
6767,4840,4316.0825,87.86127285338256
4462,3532,3467.2627,98.13289876261697
1935,821,1170.358,70.14947369892255
537,9301,9092.684,97.70896673020503
8597,7958,7623.7617,95.6158351535572
985,2361,2334.9104,98.88262951738918
1004,3369,4031.8257,83.56016019514655
7717,4562,4198.3296,91.33773558331364
1881,3012,3018.2405,99.79324117610754
8570,5272,6439.346,81.87166590042708
5799,9191,8955.139,97.36619010863829
2818,4353,4510.7383,96.5030495804716
6349,1814,1620.5487,88.06260538652491
2314,8861,9191.852,96.40059937597584
2322,7000,6387.8296,90.41661331840218
8450,2861,2316.7175,76.5063084376836
9309,2804,2421.1008,84.18491435114994
3858,857,1170.6384,73.20791626998073
4656,4929,4876.007,98.91318519752832
9922,1543,1664.8695,92.67993639528248
5796,1523,1713.6115,88.87662368423209
3459,1047,1430.0281,73.21534572962895
9735,1068,1430.0281,74.68384836603985
6663,5754,5297.3984,91.38064527546688
2034,1582,1407.8348,87.62886410220148
6079,2406,1966.8182,77.67044486545112
8078,10460,9686.71,92.01700017672812
5228,1215,1359.7413,89.35523032990122
3543,3352,3604.207,93.0024266346728
3496,1605,1607.1913,99.86365753714213
152,9094,9105.176,99.87725902806825
6569,4627,4327.198,93.07168886117539
5907,2124,1795.899,81.73054590451811
7227,4006,3280.2556,77.87537101087256
5592,1633,1553.5125,94.88336583539035
4661,1923,1777.4417,91.81079448783109
1822,1144,1179.377,97.00036930251507
5832,1598,1777.7651,89.88813915821606
10572,1279,1756.3702,72.82063721032222
2428,4554,4131.453,89.77243932786966
1595,2468,2438.745,98.80041244957003
2880,8106,8473.156,95.66683017323089
9941,2891,2126.8977,64.07432792383366
7701,6778,6096.8037,88.82699326795691
7456,22350,21121.383,94.18306462977944
3867,10890,10833.637,99.47973812752599
4479,6947,6444.049,92.19510613141424
2857,1404,1421.7338,98.7526662804676
6102,4899,4081.4685,79.9696728526271
3774,4220,3856.301,90.56870892042113
7812,3474,3145.3198,89.5501826793436
2991,3762,4108.7925,91.55974700311012
9696,9821,9498.933,96.60943607253569
6303,5279,6046.664,87.30433748980909
2407,1125,1199.7146,93.77230220973371
7472,1275,1565.4847,81.44442206531882
3978,3763,4271.473,88.09607066868146
10655,6849,6560.944,95.60953181383115
1129,2059,1980.9358,96.05922567816538
684,15490,16044.344,96.54492724266144
1529,2427,2344.0383,96.46073748635715
3715,2729,2280.0376,80.30899127254489
3194,16810,14336.698,82.74845633191536
1659,4438,4294.2744,96.65308799393814
8364,6837,6167.2017,89.13934752335015
3906,3762,3672.725,97.56924626891568
4288,3521,5168.5103,68.12407883565487
9780,2978,2687.0076,89.17039032315424
6835,1450,1582.9204,91.60283680067468
4330,5526,5086.0576,91.35003147967127
10031,4087,3676.2166,88.82591813150714
436,1545,1733.3353,89.13451285515114
10525,1117,1533.974,72.81740112355929
905,2606,2322.7576,87.80576864762143
4067,3360,3568.553,94.1558110592385
796,2919,2292.4612,72.66959966968838
2203,2895,3397.459,85.21074171356236
4016,9165,9530.766,96.16226398390738
6938,4147,4613.05,89.8971434426325
2820,1636,1704.843,95.96191456525291
6677,4095,4391.8447,93.24100133214772
6598,6599,7271.214,90.75513553217061
10482,1997,1912.766,95.59621986295693
3969,4394,4246.0435,96.51542560819199
7686,1389,1335.2731,95.97633398994037
5052,4814,4966.22,96.93488793773638
6824,13270,12021.8545,89.61769576712464
9083,15030,15895.961,94.5523209266505
9172,1023,1425.597,71.75940795775756
7606,12640,13951.981,90.59645075894728
2587,2182,2122.5232,97.1978253605564
2822,9019,8919.16,98.88061384703313
551,1737,1790.7177,97.00021657092759
4794,2895,2379.4036,78.33085386398595
6550,6359,7327.0625,86.78784983750309
8463,10600,10735.45,98.73829049692166
6082,14330,13177.492,91.25396702118135
6940,3989,4075.2854,97.8827151496591
2617,6099,7290.931,83.651866580024
10602,3284,3150.765,95.7713408659681
8529,814,1128.7404,72.11578777633953
1156,1344,1339.5521,99.6679579766405
8146,4438,9100.211,48.76810032734475
5581,2762,2685.3843,97.14693635087362
2098,2940,2889.0784,98.23744376742115
9935,17180,16864.92,98.13174281535532
10387,5105,5750.23,88.77905783489808
7626,1561,1501.9977,96.07174364544615
9011,2470,2312.588,93.19324856741088
4704,5032,5285.0254,95.21240917642824
1928,1522,1491.3723,97.9463420870793
6334,2313,2137.4695,91.78792871563064
8411,3456,3870.7385,89.28528696345433
6758,3367,2953.358,85.99417671589063
7153,12990,12133.672,92.94254753365827
6397,4879,5788.878,84.28230927065657
105,2615,3495.249,74.81584237532253
7373,2712,2448.498,89.23822081617318
26,3639,4279.6196,85.03092133283877
5112,1878,1976.7474,95.0045496607747
8420,3042,2703.5388,87.48080925111266
3242,4710,3987.6335,81.8848335249352
5675,1065,1351.7855,78.7846875339483
2511,15230,16100.285,94.59459787324225
8933,1367,1639.1827,83.39521685171898
1301,4756,4613.497,96.91117329185066
6973,8121,7849.4507,96.54053095748701
529,4617,7768.6294,59.43133293564179
2425,6251,5653.1895,89.4252518541628
488,1350,1820.5569,74.1531347521611
9107,3200,2922.9116,90.52012462824435
523,3072,3043.6936,99.06999848960882
8195,1163,1536.3441,75.69918664239685
6606,19760,18856.693,95.20962332361466
9690,6193,6846.317,90.45739622346271
5390,5806,5200.235,88.35119657775373
4478,993,1241.9113,79.95740404926921
3077,9149,9553.941,95.7615251231801
7178,1570,1583.7871,99.12948468304931
6469,4721,4539.7427,96.00732162230854
9280,10950,10559.983,96.30665516367944
9167,2322,2109.872,89.94593403684038
5469,1207,1405.0449,85.90472668939911
4181,3627,3139.9023,84.48685331823864
5082,1462,1730.0432,84.50655966894793
4323,7999,7952.249,99.41210371525449
3932,1556,1767.254,88.0461990786294
10480,19150,19263.12,99.41276830715107
9533,1899,1740.8055,90.91257155427171
8205,1889,1790.1431,94.47770765091936
5770,6394,6139.791,95.85964760481147
1210,3191,3016.5984,94.21860026236675
6322,8121,8014.7114,98.67383155085476
10653,13360,12313.873,91.50448482664449
3172,2339,2624.2983,89.12858589619286
2632,1100,1548.2583,71.04757645703826
9057,5450,6391.443,85.27026072075891
787,3782,4262.002,88.73764117416579
5166,4571,4933.466,92.65291716788381
5215,9538,9107.831,95.2769331937585
6962,1979,1856.2871,93.38933670307516
5642,2555,2309.1533,89.35338431082482
8211,1583,1762.9352,89.79343184947479
2830,1820,1908.1373,95.38097558507167
1835,3069,2713.2444,86.88818385723461
1533,1797,1967.5399,91.33232746541199
2136,13680,14526.226,94.17449783544109
4069,1228,1468.0836,83.64646160521134
5897,4385,3847.9946,86.04453948402761
9618,12730,12294.359,96.45658133366545
456,9121,9430.452,96.71858630353401
6911,2607,2576.204,98.80460176199463
10024,2589,2292.0,87.04188481675392
8618,4145,4441.745,93.319177274733
6840,1969,2263.4604,86.99069606803224
1249,4237,4378.234,96.77418131664507
6437,1885,1820.3375,96.44777549664856
7324,16670,17075.242,97.62672656088792
2257,2052,1940.8954,94.2756000620133
7036,9020,8402.748,92.65416564103029
481,2219,2060.6082,92.31334470977227
9638,4601,4472.1704,97.1193049900071
9982,2278,1910.2178,80.74658127064413
3577,15690,14767.97,93.75655360547574
7020,20770,17899.084,83.9605422370711
4245,2550,2293.0178,88.79283993176892
1257,3258,2999.728,91.39015369720205
8201,14060,15115.645,93.01621224905384
7814,1656,1804.0155,91.79522001394595
8631,6384,6455.155,98.89770598034502
10129,19630,18726.736,95.17660922838742
749,11670,11178.694,95.60498167945212
8610,3226,2986.3223,91.97415037439576
415,21820,15966.086,63.33532159719405
8611,3297,4744.241,69.49478016419167
5002,17520,17108.078,97.59223758513203
3224,809,1233.9554,65.56152442241296
10296,2879,6311.081,45.618175001280456
2700,10400,9678.842,92.54912707264376
3773,4053,4433.632,91.4148975372238
9634,2827,2452.3904,84.72471503458789
6208,4602,4082.752,87.28191051436373
4234,4853,4997.723,97.10421845416522
6480,2062,2310.7314,89.23581336909267
9262,2026,1943.0972,95.73346956611985
7676,14200,12832.881,89.34674797026376
6478,12920,12005.855,92.38584427715773
3169,2145,2046.9856,95.21176873434678
8125,1607,1699.0007,94.58500925477938
1015,1769,1812.1311,97.61986848346963
7636,4050,3171.6614,72.30667090032618
7799,4624,4997.306,92.52985226513152
6157,3960,4430.384,89.38277559105016
8915,1258,1293.8906,97.22614691639797
8402,1586,1797.7885,88.21950091539742
8666,8737,8755.963,99.78342883744627
10222,1320,1265.4097,95.68595582813279
9125,1072,1489.4,71.9752908841082
7720,15230,15539.775,98.00656455554767
7049,10360,9256.718,88.08128049740903
9823,1178,1315.2339,89.56581881712906
6639,4045,4054.4956,99.7658005731726
3546,3870,3438.5493,87.45253757056261
9188,2650,2187.592,78.86223983656045
9393,1422,1267.2211,87.78595665670463
4607,1274,1425.1742,89.39258127625743
324,3549,4145.238,85.6163187072138
6562,4677,4908.9106,95.27572079989663
7249,6365,5580.0034,85.93196951271749
8077,1710,1698.3528,99.31420509848914
357,5151,5018.737,97.36461208403315
1699,32040,35071.867,91.3552729562668
7794,2302,2625.774,87.66939062794916
3591,1701,1917.0614,88.72955236524508
3778,3728,4238.848,87.94842072391008
3198,5914,5403.8027,90.55855125170463
8906,8154,7593.6963,92.62146272896734
73,2728,2448.0315,88.56352516176851
9895,8783,8317.957,94.40916841716222
7281,2228,2052.7178,91.46096804779107
4741,2103,1944.3319,91.83945446396267
8388,7503,6597.2646,86.27104717139072
1842,2511,2641.6938,95.05264973183007
3177,1251,1304.6765,95.88583736202868
7457,5901,6016.7827,98.0756706643551
2859,222100,201527.44,89.79168159174355
4743,1786,1849.689,96.55677435210681
1165,4834,5706.0854,84.71657221084638
8982,2197,2217.0225,99.09687604477254
10615,3675,3851.5322,95.41657147913688
3457,1192,1560.3452,76.39335120589739
4931,6977,6564.298,93.7129277529772
5856,2469,2326.3738,93.86916144033258
8816,1517,1543.7928,98.26447915357865
8426,6913,7139.038,96.83377391720671
5424,1950,1820.1133,92.86381127548293
4568,1713,1636.3558,95.31616758399666
5370,7522,8142.0127,92.3850193003328
7279,3237,2962.9863,90.75211150068323
1308,11450,10239.444,88.17752580758902
2391,3277,3708.7944,88.35755280253294
8993,13810,13593.904,98.4103485032282
4141,1810,1608.909,87.50141026114736
1853,1739,1530.401,86.36965090258511
6817,8737,8615.337,98.58783136224292
4685,2173,1970.8542,89.74324193920214
4046,2173,1921.1777,86.89229730705144
10348,8292,7745.3896,92.94276496892873
451,10430,10050.1875,96.22084165096423
7122,10400,10216.88,98.20767084190196
9717,2434,2348.4702,96.35806387427654
3107,4089,4508.728,90.6907663359099
7660,979,1410.604,69.40289388722488
9341,3172,2604.0413,78.1893340551181
9868,6409,5841.9272,90.29305347331349
5452,3189,3023.844,94.538210100144
4655,3382,3583.352,94.38090235266304
7507,8647,7682.5347,87.4460009135728
9206,8708,9066.751,96.04322455210395
3593,1390,1283.6405,91.7142302048303
5817,1170,1460.1278,80.12997176660494
8650,3036,2785.222,90.99611869250278
3736,1103,1340.1024,82.3071420522951
9053,9495,9461.805,99.64916510542798
757,3416,3775.991,90.46631811457296
4111,2112,2458.8047,85.89539505666815
8923,5641,5131.0044,90.06051123221965
2709,10530,9744.028,91.93381162440737
4894,3031,2437.8438,75.66881593621413
988,2469,2208.7986,88.2197762212317
2887,2571,2433.698,94.35829745254694
1271,3317,3404.918,97.4179122799168
734,2947,2532.8289,83.64788282617315
7748,31010,21626.492,56.61105032131093
8860,7614,7856.395,96.91467881988306
5779,8338,8730.988,95.49892556729286
5727,4712,4637.34,98.39002189260242
2368,2028,2038.2422,99.4974989938481
8236,2228,2052.8384,91.4673447801051
7797,4543,4102.848,89.27204127563348
5865,12290,19841.67,61.94035103089054
388,5810,5284.668,90.05931811882103
2365,9077,9613.835,94.41601646877918
9303,13980,12758.031,90.42196459583056
2270,3718,3160.6736,82.3668467746975
9331,3721,4236.334,87.83537874313683
5004,4809,5754.8687,83.56402709628253
2198,2526,2582.9783,97.79408630287737
9147,1625,1488.2369,90.81039732400168
219,7315,8403.757,87.04440338776126
382,4011,4462.813,89.87604926606491
6930,1135,1325.7103,85.61447978166923
8431,2986,2701.7405,89.47865186368486
857,2397,2360.2524,98.44306659961104
5633,10670,10128.36,94.65224745529575
3951,11550,11585.111,99.696927140961
3970,3279,4818.6333,68.0483405837994
2571,1929,1859.332,96.25306467166259
5335,16240,16131.108,99.32495896206954
