,valores reais,valores preditos
6056,1728,626.8012086563183
5556,822,1034.3731497824483
5990,658,974.0144666947136
7674,2716,1286.9505054556093
3319,1083,575.7691187919947
5761,636,391.73662394196043
5972,1537,1088.7182869721505
8758,712,915.5423044631112
6079,425,595.6689961596855
7177,594,850.8328895388793
7061,24,588.6703435977835
6627,211,512.8874142988782
1127,242,507.55791858513487
5632,960,1108.5592841772118
5503,1308,809.026401865642
5198,933,1167.7316640943495
6870,655,1039.0927210532525
1210,259,184.3285005446378
3382,1183,1142.6379523375776
7238,0,134.71189274066026
2227,630,924.6143146202709
6137,1358,1176.389313868187
4617,1307,860.0354707898516
1777,146,-73.53423392840944
2067,103,76.7231348852427
4640,2495,926.3197152547172
6234,2797,1281.443381357649
1807,292,96.9788085021199
5673,995,757.3912901227513
8612,349,358.3433829628936
5324,908,1099.581677507188
360,217,-193.32654415491106
5285,301,276.7619099924347
7258,1071,1245.4400249375044
80,937,139.7583029595749
3684,871,803.5747420267203
2333,17,66.54638783248964
1087,209,-36.967261267411914
758,298,320.29951473427514
1437,182,422.61603254968975
4890,3365,1601.3704882051338
3803,956,1028.3377606515755
2887,264,489.2330628230884
1175,232,643.2063208284843
5834,501,579.1571840364383
3785,2392,1399.8972824485636
3123,149,366.15717483191946
2142,165,107.25659288554743
8469,682,815.8374094756192
2614,565,860.9724193757372
6875,972,1192.8547653560458
4949,338,677.7028202039385
1057,150,-176.7541530012196
5976,842,586.3125673964369
5564,1888,1520.0938542766776
7932,1076,849.1997693240996
8158,1215,899.7834293689797
5303,40,247.4565232053676
4838,1158,1257.4500525851986
4629,1647,914.1729741440397
2399,345,685.5628368654643
921,387,156.55773916893395
7448,589,970.1951196050092
748,62,-180.45115376098772
1746,150,221.7535214367494
7533,1445,1126.971562044767
7256,848,1096.8719817584479
8289,574,444.05505892081203
7366,1393,1414.0812315940452
3720,796,604.1554407358508
7121,1591,1090.2330920623199
3105,682,184.98803490675476
594,237,412.90899199739954
1680,178,-61.186458467389514
831,281,490.99643676139635
3045,447,651.9325696509967
315,80,-114.31608852106967
6724,185,1032.1136504377168
5871,605,1022.5146455559553
5948,1524,980.1217014196651
3977,1951,1317.2420518059785
4956,1039,1135.2721035578147
7736,2113,726.0558755071808
2022,63,32.86341001451444
6307,2162,1147.1609678656769
6952,142,735.012910705517
511,283,104.41774929292993
3662,376,231.92808937696236
6242,698,821.6276437037156
7938,1054,1023.3232357116741
8167,0,-411.2524638420904
3393,647,818.7806276928882
8330,330,525.8725598309937
4512,978,761.626003113089
6435,426,474.2313516624919
6006,614,689.1502817524657
8063,806,989.330861785435
14,447,576.2806035359031
5306,84,381.74277708340014
8524,97,166.46097456490327
866,176,-141.83550405390616
7518,441,640.3414078146534
6266,611,689.7688545387482
2110,443,654.0003722221531
221,13,-159.2704211595193
6868,240,1021.0664556060657
6152,1708,885.6878491298606
95,248,494.03610906246854
7109,106,546.0846942422608
8396,1146,1024.8280089187797
2483,643,805.001427814193
3080,332,211.7569440140941
7116,915,796.1143608044903
333,316,403.596132945508
6300,808,969.5412239721702
5185,846,839.6478039501901
1928,646,173.48466850140403
2900,972,1134.9980771373262
2114,145,157.13905925549724
7314,2857,1195.3162990738433
2002,259,265.27783728321515
8193,740,517.6281190379344
6874,915,1155.6474680666051
3909,25,301.063970276868
8228,12,374.08644940812246
239,148,495.18600769427167
8660,943,751.306395968957
7445,146,816.9863340819761
4507,2163,1393.9716175914077
7741,1190,1142.7300053216327
1056,149,-237.97827076292435
318,108,-113.05173492411586
6542,837,1027.0031836080257
1606,183,363.0792953149158
6631,1287,573.0213875284173
3246,102,147.093832023354
1044,174,146.11940322265158
879,373,468.4455577893324
346,221,137.6164261866661
2585,603,778.0698267745254
4165,1167,1129.4757762284057
5037,1223,927.2212581474649
2245,429,329.70853618706883
6431,1357,1274.3273688986
3194,257,700.7253381763906
841,170,36.83046431510786
5816,1665,770.0870151037423
4581,225,1255.5990423954024
3078,101,187.58784748687387
2358,195,234.71382352152693
6392,578,401.6445193241475
5647,1213,795.3067165706511
4730,764,1058.258244813289
1400,72,-39.03068330318479
1084,38,84.75798709447213
1147,360,427.2743511064337
7374,0,-410.95808679179527
3787,1664,1375.9498451923287
5253,2235,1455.9118781730986
8555,644,639.7462338221685
4836,1252,1118.6875849833614
8490,1904,983.6351009270435
3916,83,488.96648251620525
6050,484,377.17759407514495
6186,925,847.0221510492945
222,9,-209.04705806918344
5100,9,-93.80488555448426
7018,0,-94.82000963646527
1176,211,30.498336103125155
6338,512,484.93477189157005
3601,362,726.2694403353828
6755,1179,1153.3197807473393
1488,122,-22.79482116348032
3887,1185,1487.1485978438127
3400,1942,1232.120466913812
908,233,452.79989160476475
5601,526,557.1250882823799
5550,672,762.5775292182127
6306,2628,1227.969458172643
7135,205,612.9834779621384
1034,145,132.88815587299595
8198,767,813.1785926921547
5020,233,641.3783154892315
6730,896,1075.1007023069355
8676,672,706.8816146727736
1978,244,199.25274970109388
1123,409,479.6061979860796
1483,270,412.8042369308494
1793,410,590.433410502251
7441,768,803.622828568859
4294,1881,1318.505374219862
6630,656,573.9684738516081
1670,253,431.0184868871003
8548,121,416.40485609269274
2860,115,520.9154385558459
3805,1117,1146.7728239304688
6642,113,150.0287519898216
4331,975,954.2981887918736
856,329,601.9241573413495
37,606,592.72400718922
554,196,-22.168482758969617
1330,105,-37.263751658932165
811,431,436.09396172963034
8326,1023,1040.6830444083434
487,178,-99.70849486716884
8677,671,767.931117405926
7202,326,974.602428561447
6749,227,884.5714357026923
5366,976,1168.7994391078935
2760,244,65.33013751184029
6048,903,339.57987393152223
3463,751,501.70660650785084
8281,518,220.76824797488075
7172,1583,1183.305750327496
8073,1027,717.8943194446724
538,235,141.42865374493132
4343,1158,1091.2817193859864
5681,1412,1071.5706013881847
567,38,10.05967162902374
6715,1990,1394.5739767883224
4939,2290,1459.12380391723
3620,1703,1193.1654468959787
321,305,54.370402388133584
3827,1015,1061.1180803368065
6502,64,691.5713107773121
3060,697,564.1395205251675
8648,1524,261.8657137323506
5296,68,154.47139200535378
7951,134,339.3830866751799
7462,1160,1488.8272305971582
6140,1847,1191.2289965731952
1287,181,267.9757833868013
5709,1868,1027.5688959197944
5335,303,525.028857749338
1491,81,-4.854242795914047
3481,444,647.994313069466
8390,899,1049.1681654416766
3018,75,160.78190414147448
23,323,251.6418294610673
8252,0,29.610694226968008
7375,0,-423.5177758980469
7132,141,483.0328090006948
1536,182,-125.65790411594253
2913,485,726.0087211646618
4252,208,830.7940921008445
4209,1121,885.0269511379073
994,152,109.03109413043157
6539,716,817.8220015703406
429,148,432.2512745461628
7003,0,273.896968749183
8393,1416,1128.1532330879631
5775,713,936.907328788464
2820,629,670.6208390231795
2034,669,491.2270662620916
453,224,310.26502401673866
93,397,551.2768150078448
6643,73,450.5875328727934
4338,3251,1443.4627778162185
7775,922,1256.363890345894
8391,971,1125.3941182539197
2164,28,-152.02996232115254
5130,832,622.8541856968525
5452,211,706.9956145224444
496,301,560.0590712378144
3859,0,149.0363088167241
4483,2615,1466.5239663455022
33,328,101.01290841990834
2302,514,821.9115062984362
2310,232,151.28781884917797
8658,1708,856.8731130504075
7550,991,1135.5452044803928
1002,352,328.58244305954423
1817,484,638.1493072762911
1038,42,-0.9693299188674587
1226,107,-253.33356622028725
5563,2084,1542.4211976572788
4764,1422,1143.4855400443205
212,298,525.7744325540352
3100,43,127.06356336093944
88,375,641.353006566897
1467,47,-175.30261941062724
7903,556,442.01877887310616
733,267,564.7058998684136
7684,157,609.9183392651827
3955,2236,1439.5456204256752
4813,1230,1293.331603431053
6499,84,467.28297818533633
1219,223,341.0083227469137
7807,1244,647.5760810864298
149,83,90.36030850615617
2018,62,0.9161350142628066
2263,85,172.6924979872295
6536,1330,607.6289247233319
5598,286,383.87689547883144
623,156,306.70900537071833
7765,1585,1279.9234678881453
6226,717,838.5016152188699
1323,32,-182.99524972073255
4279,1502,1417.08634269489
3742,1360,1244.033138541029
7790,1642,1182.4378897394886
5722,639,981.3011984026755
1383,192,318.78228003726935
4659,591,1096.8529086407582
4860,1197,1147.17779975959
6443,791,853.1343886099419
4192,1455,1242.1354774245083
6373,584,842.3177047989894
7751,1018,1123.0810641739731
5428,278,572.1170312397288
682,252,207.88995498497957
1417,62,-84.3252399205997
17,555,454.57878765964006
3352,1198,1062.4822445185487
5267,1053,919.899197354426
3891,358,249.81498860713424
7974,436,451.47649419191816
7610,429,644.9713914779966
6836,2072,1375.425007713572
7150,958,1090.4748639741924
3458,68,428.7608417451106
1393,103,-153.50787229021898
7896,753,389.85172346406966
1616,438,48.285892508432255
7612,185,603.8195402439026
3202,741,864.6856437825276
6524,19,-210.43763875654304
3128,1702,526.1232282449993
1188,341,402.34901837784923
5594,587,426.58581198708316
592,272,405.2196536290429
4661,290,1099.1883384586217
7097,2045,1514.7495344600725
5705,1394,1038.8610930470104
4094,1680,1103.5843677872963
4984,56,343.3472543940012
1544,116,14.486289257136775
6000,853,718.3544110591558
6425,1797,1367.5237334871376
5499,381,710.8650919626386
1839,276,324.07869318707253
6932,1613,1204.1033247840373
8692,128,509.946863498988
4601,2431,1310.673631043755
2751,960,839.0322516124909
4421,193,802.2253307639953
8165,0,-441.7089166798113
1145,380,555.4504457323065
1832,112,49.337103597481246
8497,422,394.62691326142414
3295,1100,514.7490754064282
2145,419,231.39533944569064
2991,1209,942.0247220618879
1090,212,74.11424909017103
2144,816,194.21133416534036
3003,150,261.0074076501843
3142,75,720.843002393097
7579,1804,1225.490713103523
8376,610,458.80332652939126
7161,542,722.5667545649758
4204,188,615.5939345651036
1334,160,140.65574169233415
5698,644,767.3452184164768
8112,720,562.9879291915672
5484,803,1055.9604554085158
3422,384,653.3378591484876
2907,221,512.3204466638376
1794,604,618.1491825045123
1992,195,18.568938389971663
353,464,535.4702994165527
7845,1380,1097.7778485565095
1545,168,56.313654305420414
7558,1221,1104.0173388744283
3932,1714,1008.224186745089
304,278,541.8771590483187
185,500,516.3996777011437
1046,215,210.15526282839116
5527,1315,744.0203353581203
7685,210,604.3913359847379
3592,2044,1127.8409637353582
3377,1543,1251.0717377871456
8627,522,532.8517637089984
2692,92,163.68045085651983
6871,1448,1070.8321501746586
4139,1438,499.4341460311007
6786,2368,1392.4623755230205
2276,578,639.9487849231689
1618,128,71.43135266735624
2728,947,590.1620631254342
8662,846,721.830904094636
2605,387,621.7408336686166
2115,102,161.8271039303634
647,216,410.13081072324644
6698,531,741.6445569327362
5956,162,518.6311075440196
2684,739,779.9601292872023
4043,352,460.81249804155266
2266,232,236.86603757392538
4383,1235,1266.7178259131474
3590,1814,982.5092919721789
1429,166,321.7672804486812
3578,425,549.0079852132451
1432,195,434.4673783573101
7377,0,-251.92470616853234
5014,1959,1218.264296179859
2572,106,301.1202904765901
764,206,316.58790055569796
3153,0,-197.63601239703462
5430,292,650.8269042183457
245,86,129.78669478815826
6491,411,642.6250369347061
8664,496,276.11990917919195
4706,403,1071.6513527331663
2862,284,533.7338447675237
7236,0,58.398002903711756
2337,100,88.87641035908894
6401,403,498.79947302229453
2273,865,731.879984612209
6121,231,421.0606227002853
1156,50,64.2043642449367
6452,1674,991.0425059746441
8753,1047,1004.8651924304714
7581,1292,1131.3726612530356
1962,764,638.0914249960582
2373,537,574.9028072531362
4635,206,750.2718673868103
6967,1487,664.9934751579083
7291,0,410.57060127722923
7204,151,932.8201834124969
7104,880,458.81941462807475
5155,2598,1309.2363745367313
3799,1280,952.2920032076544
3039,545,706.945578853381
7277,0,-232.14195925836714
2465,1085,828.7612019773192
828,290,340.224796368336
2586,365,722.5457046688009
233,226,341.91601258973554
5743,428,596.3255160971235
1728,112,-75.00235178241257
1623,171,268.6333617309998
7197,1529,1361.138579484228
4614,807,770.378449385471
1558,92,314.9572132419938
7890,2632,1386.6988174200883
6876,1119,1238.8163948263514
5942,639,828.0411092704481
8572,109,361.97953600650146
3410,410,234.70689640342704
7171,1608,1232.2899391106903
4701,1807,1238.194929560311
8695,796,493.6336861789127
5740,340,575.2382542038239
6419,916,1117.8778259299468
7681,600,653.0125109237421
4554,3309,1475.382247608628
2574,73,386.92039070492274
19,600,333.80928311600474
1183,334,78.24096113510518
4239,1575,1395.3086998086783
7444,255,746.9206714854785
3614,1055,1057.386493634935
1076,210,612.8483263031244
6462,47,205.7282219333816
319,279,-108.27186583454005
8235,0,-331.22898366243123
5559,794,1226.7829403787537
4781,383,705.4301546229572
4803,369,930.9942211207839
5220,1216,1121.2503210827238
1981,299,337.7706349192929
2404,80,157.6074919946733
4503,1674,1182.050945213428
2124,353,425.90631111645166
3944,1997,756.4836864438353
7038,47,357.4325972983402
8471,532,813.5550177180179
927,318,444.582022285997
6080,647,629.2080157393882
2357,88,135.34349600312447
3133,967,884.5316013504053
4680,1047,779.6614711058655
169,230,62.54090591991917
7942,752,917.6289726431888
3185,1664,1155.1049423779448
1897,103,-21.078051704490576
3333,1209,1108.2115421516073
461,56,-87.26422464668593
6864,968,1011.5494303079072
3195,167,707.574521260218
1586,39,-170.26962682539806
3624,782,784.3645582015492
1320,78,-207.47958397066657
8,930,183.68286505124212
2291,475,430.0575368294901
99,62,101.15424193461808
5700,600,816.7223147823895
3482,306,610.9916912323015
1055,131,177.0355273922911
6908,1869,1377.394654573981
5865,813,749.6773301689532
7100,1604,1411.3810958431209
1139,270,362.03235364258904
509,76,62.58367335986941
2588,146,604.0306648475765
6854,1087,1181.494540849029
1775,140,371.1374943780941
1509,257,371.5703307204907
6933,1710,1206.6210193054783
3543,1253,1323.0454612383842
637,258,326.99119542655404
2157,10,-128.05995582659074
2840,1281,472.80114053797644
3529,562,865.0359568016829
6994,0,-111.46643320509725
7710,458,528.8779839544209
5665,726,715.1839409626607
6772,264,742.6044932879643
6155,636,1104.394398345461
6417,808,998.7646894574065
2729,916,622.0798970085581
8046,433,447.05970130992984
1631,106,261.51500446021873
5863,1006,740.6387758232739
4779,202,713.352776281251
8573,129,395.45600175718596
4416,1248,941.6588218664234
6125,230,454.3677927558074
7435,1761,1348.8142761987247
2883,264,458.7894124751443
1115,256,273.765756195319
8296,616,791.4327950934287
5516,2202,1333.766154109628
6472,886,588.5042210850876
6862,1824,1321.1610755414395
4125,2065,1105.1227731254771
2173,358,307.25056664897903
7660,145,685.0029739368841
1472,273,-107.65652037999018
2673,653,324.6518498413136
2191,401,57.991829002673626
5097,9,41.40798620203543
465,239,80.23101210101498
1835,170,117.1138853735813
291,79,-25.547183816774407
8708,842,816.6606707730177
4855,1543,959.625477591334
4190,1059,1134.03047957889
3819,187,863.0959903994427
1078,196,567.2367137640937
5162,555,785.4581237117254
5045,133,692.4777350629248
7372,0,-485.2129777718004
4745,2383,1575.008047035707
1740,174,84.96664496241408
2771,422,402.15686079886115
6134,651,1038.8044682437776
5896,763,1153.4839174812619
6768,1185,821.392538894034
6355,2087,1342.7245943751009
5270,1517,1018.0678310792972
1017,196,-66.71920528476693
5672,1893,764.137974247284
5058,3113,1406.533769882214
1790,300,418.75206196111895
8460,776,673.877871392288
4411,2337,1573.9015874798633
2997,1256,1062.9225431400791
1747,147,143.69184914931938
8679,666,819.1731756185118
1626,392,407.36549548089846
4818,3556,1407.394104128618
5186,568,822.0358374699301
1916,213,486.79349422903783
766,168,261.4896078732519
7310,1137,1159.332792478198
6821,258,896.4163829684296
6846,656,846.7866884649645
2287,583,66.96917256656218
3019,75,171.83747200398273
5224,1635,1358.5217795461667
5748,632,902.2320425393083
664,390,334.34894339715777
7078,1493,1028.1001020450535
1512,138,-66.84063434668508
2663,226,311.3568934201353
1575,190,339.1184031571385
4217,2013,1388.0225706676943
8634,663,634.1277951947925
8661,955,722.3741027466258
3948,1095,975.031479249505
3862,0,14.204339773266668
7123,1333,1087.2699107478297
483,79,-92.18848501002452
5118,40,126.07020993260471
2992,1413,997.0890423322115
5107,18,127.26100964290987
457,172,-125.68846625163656
4273,440,751.4817030425963
6204,668,839.9612751974953
4626,1491,959.8748990046113
8750,761,898.8639977804471
1665,270,3.112517282121928
330,612,459.70403017941845
2083,297,566.7565004905889
6746,692,1013.1182704460067
3991,367,128.28176341003842
4914,2256,1372.5931658525424
7217,2189,1508.78211569645
7033,761,592.4872284842929
7748,1512,1242.5796008263917
4328,1937,811.5569271455226
1729,95,-57.810197841489526
2534,772,679.7117685728149
4955,968,1109.5095704890018
6044,1591,999.1701834338439
1075,208,616.3032404942546
3473,1462,1035.2583444118732
6718,1641,1404.9397974859216
7440,1049,785.8704342922438
4584,483,857.703386361391
7618,847,897.4591031390651
1732,34,-47.197291078658964
8345,1420,1209.4922267941856
7639,1271,672.160599058149
4129,810,172.18145771436033
2215,159,230.41724273900402
5040,470,696.1677483321212
8242,0,-44.17102321978223
6522,57,322.92306836129853
3063,925,682.4186693377002
7424,6,570.7832870184477
4608,918,745.9390674117999
2569,309,269.42132902078833
1954,265,206.83392472442537
4004,338,363.4610573952408
6130,639,759.4625854130046
1877,14,12.254194930272433
5214,723,1078.5869494356652
8586,1548,895.4818393106617
540,325,273.21218562683686
601,127,-152.82497158749203
1915,238,526.6534685021396
4593,786,967.8393853482638
7072,1550,966.0835781409951
668,319,337.5548450830887
6337,782,478.1822554378271
7862,1150,1326.1337451373756
8583,752,850.5092240783854
1295,106,356.34287992599127
3469,923,892.8334747454161
4746,2451,1642.5614472285924
5141,224,564.0425001644186
8301,689,961.9458408418244
4398,342,836.292701104684
4824,1030,931.5968670297907
5651,620,957.5751715754662
3411,289,338.12483079957445
3441,9,-127.74697995209243
6271,392,721.6101769048585
3146,0,-276.49694911088284
2664,243,80.89543160508163
6787,2033,1306.9399241204505
718,30,245.37296763317022
5927,1155,771.7044978480255
6074,691,558.5744777075212
2987,744,675.9768444464349
604,49,-207.28427490819263
248,653,184.5609033849869
6366,492,689.3145796821053
6699,320,758.1320537342585
1656,136,-56.2610192490705
6543,982,1014.2042519451549
263,174,167.7427698979542
2697,664,321.79586521348335
447,195,444.22778154272663
4056,689,730.5974523929178
199,127,57.07225025284487
532,120,73.25988985412067
736,272,676.5241628543214
8047,1055,463.0635896676539
5458,678,1001.8210410916864
8558,692,712.8698382917893
455,149,320.13929592702914
4740,1525,1234.5439259864493
5273,2266,1280.817372549869
4710,609,941.9984694265573
7990,906,940.834957766838
4885,1073,1289.1908622900928
5643,332,738.7120119357685
1945,172,-255.11349563076374
3781,1665,1104.6210062769505
1022,173,246.00984044256217
6444,1070,949.4827176578502
1516,47,-128.14543811422544
7243,0,221.2065751689612
1543,67,12.837981269592206
1313,203,274.8296577837401
3269,132,436.2021912693134
2522,178,382.36895570171066
3309,1320,1127.1390266828403
2498,203,487.62922952938754
8494,910,1076.77652660951
7813,1064,1054.1912413715872
1374,33,-205.10463643076798
7346,685,852.1896211662224
4830,714,877.8805745639233
6348,784,911.2145292759741
3066,714,680.955916763804
7650,2635,1184.4563641368052
700,86,-105.44007342470542
217,280,-71.22352181569977
6501,122,-100.45319566057276
2094,161,-32.36888439095446
1328,349,-22.013683667886767
4950,785,720.8655835509708
5630,670,1044.0139792152681
1142,258,476.2087264596766
8681,1033,856.6185644629685
675,135,75.92450480127997
2954,275,565.8253421566728
5403,545,787.4613408651846
6847,1551,868.9062781063775
6160,920,1308.7692381942961
8152,1318,1174.9189862197932
8094,0,-498.8305567791947
4975,49,105.75221008061376
7447,345,788.9199445920308
6602,610,1027.676487079504
2754,768,970.0285122679425
5363,805,1034.1047678187488
6526,74,375.7645376058251
6088,826,1074.8200509214312
50,228,107.02488541679304
4472,2322,877.4813495471798
5120,104,175.18198842075418
940,38,141.20948522664617
3910,30,279.50663748432515
5436,803,919.379197993417
4762,953,1061.6731793059082
411,32,-375.066145608987
2087,173,391.2407572766764
4630,1117,955.4565236966375
1941,388,357.5052995555707
4908,1374,1257.1866453462608
6706,835,1036.381642321086
1568,70,-51.801199770613835
3969,1148,751.9302525897924
7432,1601,1364.8812869368912
4067,1290,984.0649766739751
4309,1103,1031.8060796035957
3082,494,391.3293579836898
2627,488,390.9875980710338
101,82,176.04582270033376
1699,407,392.7657628138532
3399,1730,1195.302101785645
6406,1202,726.630137755391
2650,374,436.4175995287249
3284,1498,1240.4341306426318
5487,878,1190.5198987649287
2372,535,584.224703250819
3755,10,87.2469665591048
2111,308,671.5273063783477
8031,994,1053.4895069820554
2321,849,688.6596388233813
7051,1272,786.1530188785986
1438,172,431.5020803825166
1349,36,-63.28355200037271
3337,42,501.90925875474807
3774,221,561.0863177605881
4716,1193,1209.700669440745
3055,206,366.5252223479603
3527,851,1146.8228185517585
7017,0,-121.74484786836439
2391,931,819.1686802384402
4386,3088,1452.6959913306896
2464,890,873.2666813154065
3118,1069,1179.2577345052246
2691,128,143.9489436209216
1919,153,445.86872141800154
1149,320,346.0403546315938
2072,158,73.37382129955472
1768,239,353.2157218181372
1559,91,294.14479025445115
5389,1046,1179.4446972038472
8153,1664,1207.960023813017
5314,768,918.5119790846976
5307,136,647.2709836056958
4418,673,899.5781786029827
6034,649,888.8228296709282
8472,457,555.2569864884317
1372,36,-243.1084330007401
5454,703,734.0656917288468
1758,109,36.06213400221969
742,155,635.0500459411413
180,355,288.7891651235191
6945,725,622.8805487288319
5634,2405,1149.922399763239
6463,103,178.05947127068714
5328,240,428.1080166107365
349,325,362.1683206501315
7437,1731,1292.081642869614
8539,1113,754.9497448158604
6860,2146,1330.9926229728858
2885,108,477.4017105859151
3322,761,812.9086228377819
4157,152,744.3201875404854
5271,1693,1152.1191205771345
5587,1423,1202.9854914919788
81,509,353.12394074304575
8179,0,45.95887589101136
932,144,116.10544629830403
4945,585,686.653953786189
6849,1234,971.5241567632889
8136,520,496.0462860839342
2577,398,382.11066807105726
4148,30,401.37104432354613
6693,2024,1292.5662283588033
2842,482,574.9892808635062
3817,34,863.4291491344337
1597,169,186.91059402363996
6586,861,997.5263364234751
1617,217,63.53452939296102
5140,149,579.1994341866388
3950,1124,1107.3138126116355
2988,928,741.0502135691756
625,142,-31.305375170458433
789,304,540.4395675399768
4623,1240,1025.297564537043
3734,1669,1149.1367954652264
2304,289,160.75606995358487
676,85,85.82829166714441
1452,253,345.7729811052245
6779,1051,972.0807676194946
763,125,309.94218949626145
334,309,434.4989981892204
6421,1231,1272.5291887251544
3014,46,54.44310727526556
1501,233,420.8527090930287
6623,1047,1500.4991966171706
6879,1200,1371.7458628618572
6712,1292,1456.6478357348033
3298,731,743.5271098083836
3791,994,1116.9121249922096
7493,0,-357.7464048669452
3148,0,-366.1924829444382
4619,1107,922.9312722906786
3016,31,60.232855386511574
710,356,392.8843435519476
4739,1330,1200.8720648849876
3204,1095,911.6206623113007
4977,19,-90.68948967527592
7495,0,-364.5053271557106
1957,370,378.6586638434379
2485,789,940.6127796371605
2127,402,457.1335091861073
4428,1134,1228.6960199076962
6663,1178,1251.9367092579078
1005,162,272.0324667533948
4532,2278,1367.743180944191
8476,88,467.14873087521806
586,133,177.55765353976076
6129,903,664.7689141367994
7189,1686,1108.6119600964366
965,39,-119.73939268934947
4863,1276,1398.2795386446032
2107,619,777.84535314864
5278,1717,1322.090955129136
6478,1571,775.1582874560108
8074,751,821.333635444039
7010,0,-271.3660645978904
3238,586,558.0816673095285
7230,0,-151.26462410351166
7103,1108,1293.1457311272902
1527,310,556.2528499380381
172,71,50.49927382127527
4902,417,1089.9840303588326
1297,89,-111.80767469486
4686,100,575.1070674255483
1369,94,-264.3336505359713
6385,208,370.5149914438156
119,244,361.7614311188761
1385,207,403.08652109251045
267,54,-57.64377585970203
4913,2101,1345.761972400715
1880,80,14.70926480655885
3143,212,674.9812738164202
6081,672,638.5219861907808
2826,1839,983.5674625567855
550,282,383.3368807836612
5813,284,744.769025360202
1561,90,-8.889395537587802
2508,204,268.94766274925485
2638,460,611.8039835339061
8411,834,877.0302954241025
1691,238,258.82956246121523
4024,102,381.51326587179415
4756,304,803.954102289465
3187,1641,1248.3909094682977
6049,708,346.30372108132696
6382,215,688.0929394431121
4350,646,714.1919030662173
533,59,70.64864833699602
1199,236,335.74072792656585
5736,992,595.7835046092343
7354,1113,1066.5925908999743
1479,214,423.5035336001315
65,545,431.31118381709564
3090,22,37.64926461419907
8382,357,420.58112163904735
6474,2153,754.5215803096039
2495,587,1001.8377828922154
4490,792,870.3118984072333
354,682,568.5873374288332
1952,727,-121.59786931366972
743,227,587.7852300474796
7145,1442,1080.434217626391
2726,855,548.4809145568083
8727,652,877.715501443404
3621,1711,1117.846358901526
2970,2134,997.0466449995599
6128,1657,592.5889299245009
5268,1237,935.6490779389522
3892,207,295.6987085080222
7016,0,-203.48387193376766
5680,977,985.3682919160436
472,225,454.8876928145962
1010,83,-134.7253278979241
7993,440,502.59944133049765
3017,46,82.31420712714805
4267,2207,1380.3150706201282
3605,185,760.1162491990433
6789,1820,1253.5880382808673
8216,148,95.31752424304418
868,61,-162.394856552256
323,247,193.49296788413602
6244,316,830.4019065580242
6416,721,958.8806632695016
6743,1363,1505.60182620871
1513,159,-62.71193280300071
1918,191,484.9165606484528
8334,402,502.33190417393735
7030,0,97.71869921090331
5461,727,1074.3012495486573
8131,1180,1129.4006314394692
730,110,144.23935547184877
5412,1039,1022.7806951621385
3127,981,399.4188172174256
1068,226,264.8986380822247
6133,698,1000.6147970031888
5696,1823,673.8123261254098
1803,101,25.140563827027222
7722,2499,1307.6961692510486
5006,1243,1021.8391808810431
5741,248,545.8362382328392
1253,60,236.12765360069116
833,397,514.5088229791899
2208,218,163.7030344565316
5555,791,995.7977008011851
518,326,428.5569349199649
7580,1440,1195.2168193149887
6824,2369,928.7813620561803
7912,900,497.2738404159366
5356,159,872.2320439509798
7389,0,224.70730009421482
8478,418,443.1540445019397
3480,536,654.10119088322
6324,848,819.4673707669681
3025,50,56.00494515550179
6488,1841,523.4933301369517
7829,193,632.0046031216336
5967,646,947.0836981838781
1322,60,-229.8414493744108
2623,677,373.0344938548158
8670,317,325.82874427570255
2716,122,345.09942885412863
2698,461,360.9829677746966
6701,247,772.6261417596752
6909,1259,1400.1033506589306
7670,1113,1221.4079489502874
1608,126,-82.06165812729733
3790,1336,1138.760417011858
5841,853,685.8211255209787
1339,178,284.80048592057085
6872,2329,1090.2991722958914
3870,486,713.6257724814016
6037,628,813.1060229012903
1578,154,551.573075381669
6451,1596,966.0654599869571
3346,139,716.5907949033068
1061,29,-108.80585839487333
3884,941,1413.9006018340378
5523,393,633.6154631471294
2921,1362,908.0025141830298
6591,1480,1247.3338161239653
1071,353,505.73605145198604
2968,1173,996.9213767976389
2436,581,554.5395778399105
6143,1086,1144.1863813234545
5121,128,124.52614619780275
1402,111,64.2148893358098
6671,1233,1329.4562452550686
7512,643,896.6837135031177
2348,586,489.510836409199
2456,1215,464.15874346186695
5711,1273,954.7414321909674
2344,594,660.8422129841022
8318,886,1006.8837894910804
1671,286,483.00691994307283
177,395,37.24387627032718
1615,213,45.943042447383334
132,405,351.4100192485587
8418,1956,852.9451959308228
1373,25,-205.40040269710482
6358,1556,1347.3349392563841
5337,634,604.0273989909084
2648,1097,394.0432510945294
0,254,131.83830552220698
4333,1134,1074.8396049929609
8645,115,181.94841881627625
5685,1811,1017.4113881369024
4952,2331,901.2940573035773
7653,1556,976.6852488940683
3126,370,375.8117173712707
5418,1624,1366.176560028589
6993,0,-215.89633948430173
4947,264,674.8446145610055
2098,289,242.15122435844444
4852,215,788.8709187393058
8678,600,784.1289719712648
408,151,-217.50130771954707
1195,471,436.210108566277
4505,2104,1317.7324638145594
1027,273,371.82707687970606
157,394,686.1351250824235
8107,0,105.38658247710953
2554,561,497.861986338997
1530,592,578.8574540960884
7935,1254,968.5484370039254
712,345,414.6776706090325
5830,1613,1152.7107132485753
8159,829,862.4321261439419
4519,1551,812.5000738513561
5770,473,651.2608663601955
3172,98,520.8729743370188
2260,4,79.62378996444738
6210,2481,1123.8120806294
6985,0,-322.9428259182763
3457,157,417.7614488004451
4101,1636,1268.9269712878465
3455,233,525.6524674020899
5494,1940,1298.8134390574755
2132,461,599.9091162222446
7936,1308,955.5469817450556
6512,1595,444.52952716711275
3064,897,745.0740570386172
3555,325,565.0835516253084
794,110,53.867550324233605
7539,218,555.8285134489188
1446,94,-72.74265386502265
6193,535,571.0288384489148
251,226,196.95226647935704
2753,911,931.1442945648732
2189,65,72.59791049922137
1741,212,127.19984180327165
2598,91,79.52434279329071
7882,779,895.304690119057
5749,741,970.2799903616627
6281,1721,1291.5758577774322
6626,321,530.4519778381274
2210,176,207.11242243172308
7720,1473,1241.1965438284715
4127,1273,1054.850601413747
2412,666,551.2426964271439
7060,24,460.6465850635904
4012,51,-279.63064590431304
4077,1780,1545.5987794652647
8495,629,1033.4250581852325
5265,787,846.7787271000674
7758,219,642.1947959966
3646,1400,1275.6954617656907
7737,1191,844.1477267532853
1562,60,-24.89586142664797
611,250,237.40992217067298
7760,784,750.9170587204017
3589,1635,899.5949238825514
3666,518,321.64246151477573
7337,0,347.73286083154517
1430,168,374.5686191150315
6942,137,524.8737223198119
6720,556,890.4771019941636
6182,627,932.5247798107818
3528,663,860.5614269941003
5798,645,1019.6046919281487
5874,1881,1106.5498674604378
503,212,309.25433684968874
5283,285,264.21293582601703
274,184,100.59509637973119
4504,1940,1250.443566546881
3210,2404,1198.1026016347807
4801,766,950.441633921727
2006,331,469.3616820372625
6386,83,293.86342038404143
3532,140,788.707258507306
683,317,289.66620964059786
8669,140,289.6978388262478
997,178,187.86904693088906
3661,327,101.1091546930669
5279,1252,1351.1339961855601
5011,2487,1251.127334425842
744,206,-193.23137485165114
6999,0,214.09520952484303
6916,234,806.4041084682785
1162,188,94.52576724497203
7973,161,447.1792913230121
6066,2289,1171.9102502822725
3522,2574,1210.110663312304
2251,289,623.0889960225161
5612,1688,1049.714040303908
7287,0,263.8609409631445
5288,670,202.1761643217518
982,165,281.2185292966075
79,498,140.1037357144884
4355,979,1038.2670269409336
5225,2282,1409.0466829596721
4794,746,1507.45682037612
3689,1421,998.3173318219307
8290,563,498.28624427944465
7290,0,405.88606113574633
6149,254,803.4202194136044
8168,0,-335.58862271212115
445,189,370.8319221627894
1737,126,14.4354658740138
7799,724,1084.4066311384836
4210,819,1039.5281894081954
7789,1519,1092.3631781654185
8341,912,971.883661403101
1197,331,381.44044160267316
2683,923,792.4416674320486
68,397,399.63845513405033
48,342,278.7951060628692
1053,156,169.9623707149318
8493,1019,1019.9328700642313
4877,336,651.0150185536888
2478,290,633.0552639690862
8141,166,454.1611392212566
8613,392,362.5544686315119
3026,27,43.06005467032162
393,122,17.185467867331795
3098,97,190.58230793011805
230,235,24.098809414885523
41,572,702.8555253325458
3931,2023,1072.6256681816735
8726,668,825.7333163047311
7491,0,-401.8968477208057
8568,470,404.3434615910274
4115,1129,983.2670779675456
2481,761,718.7714427339392
4766,1709,1300.8246005819256
6759,1792,1387.1897857000554
8449,443,354.5004059331647
3960,764,476.20950828643197
1502,256,439.80234412598554
7943,658,921.104397934254
6574,1789,1075.1212646253998
5829,1719,1259.1815675109262
61,495,325.1129537611948
4132,248,941.5279421584127
5137,407,470.6981957106726
4982,26,100.18875152501477
402,204,394.1244019644118
332,277,409.40778915006786
8061,1197,1103.7668779904661
1009,99,-168.11633614374273
1168,328,594.2758656001486
3317,154,610.5888638427243
7458,2069,1595.4460770313922
5933,188,429.4304945912984
2453,97,335.4861075455493
4335,1280,1206.543531289317
6877,1014,1282.2581506212364
6740,1959,1519.0586698110856
4233,992,1058.4706619577255
2133,449,586.7408654678388
1233,152,-26.310122583296106
8505,955,488.82083492755635
8657,1156,924.8417775434672
3181,1029,960.7195966825583
2301,625,927.2752243788865
4498,1087,1008.1974060129116
2510,289,261.40016759285777
706,208,123.3331903235304
4112,1785,929.0501501783783
3166,0,287.82109698263844
6597,1110,1423.41919079624
3254,1083,655.9245010512188
3882,2701,1551.7159480894852
696,240,-146.3260794407355
1103,230,387.38547512713717
8268,1034,878.2156638701298
379,173,400.09983983257985
7547,926,945.4761625954857
2859,184,500.16238406533125
4377,1219,881.7884969914847
5885,266,690.2431646111208
2864,1406,647.5597364745579
4684,193,812.798521085921
381,159,384.98134343997276
3889,669,359.27370570399137
6765,1878,1507.236619544095
2521,278,291.9474829298781
6590,1371,1223.79671161335
8649,795,323.22724837769886
5628,655,857.2248005536109
6308,1999,1162.996172168453
2029,304,197.86946852373848
7949,27,493.35398328380796
2225,1197,898.634526561845
7246,0,154.8783933407317
3538,789,942.9127740172642
2718,113,373.42566775828817
1649,320,508.0208313796094
6535,771,613.7942766402156
1193,468,568.1273351601114
6068,1702,1187.9792090272058
858,635,523.0629206627227
3139,1153,1095.1997907414586
1593,216,59.1059692728802
8646,339,183.4401372821767
6286,1546,1142.8062893194642
7559,857,1072.7192537640976
6247,475,823.1820841926243
5528,1993,815.5722605351878
7527,1171,1147.7019081805547
7657,568,686.2456493273671
3413,136,334.6343361629336
7824,726,684.8344103456582
1864,189,336.1093738864691
7139,588,802.7306076327277
7933,1118,856.2846128345941
5893,585,1090.617168123003
8182,0,70.03498362299842
3362,305,490.44403503798316
4832,2440,943.9631978932506
7731,262,615.3300405320806
7925,146,534.4514049726254
4394,677,915.6582674962501
8592,499,187.80320296167753
8255,0,-12.119066597053518
214,289,465.7737883440021
6798,691,877.122162504961
7761,921,864.8662000034791
862,281,430.77740310020135
7861,1106,1254.8922557216397
2166,33,-53.482252598015066
4894,2103,1554.7390631534822
1263,63,205.2102599861059
181,354,343.1164702217626
3541,1133,1154.7733602228182
5753,863,811.2911081032191
7209,1120,1069.202736695172
3941,199,568.8592159657467
2543,455,864.7026225780832
4087,341,718.7435291824538
7702,1278,1187.3691973193786
2513,411,268.6570869480379
1642,155,-15.515628941796876
3305,1632,1131.3544737762886
3299,822,795.7989273923307
544,473,453.6722013604987
4997,162,576.3083820031806
1726,128,592.580077576168
1533,225,367.408794315124
3707,1021,1039.7566524735666
4816,1700,1427.107281405295
8205,1062,966.0690072144547
8475,133,470.24997523158595
1721,277,693.6583587979535
2894,1381,1045.7816681983306
5488,1062,1230.5566497559726
1406,225,307.094398908206
3320,1815,665.6868165633732
7303,1429,902.6352230613493
8302,690,873.4572128571333
8533,623,777.0912064928882
7633,393,623.3682611757283
8566,691,826.634219347592
3106,506,364.23599966417186
8738,300,280.78879607204817
6687,1131,1323.1959500629116
6965,246,732.7817420016657
8194,555,578.1395623553849
3980,1958,1307.7710513420666
5112,26,-32.1626825493388
3071,368,780.2443527882286
4184,2081,830.89949534193
7965,670,730.3892372280187
3058,453,467.050247932685
8142,448,463.4877497225776
6581,260,656.4492351787127
7205,207,909.876604268639
4705,717,1086.8223438373298
2939,662,807.7980384320556
3007,38,-77.20484773475187
6175,429,509.0876226742674
5571,477,511.88495636711724
5246,1430,1192.20283921103
5513,1596,1375.2483606815513
3783,2191,1234.5574639964016
6224,1918,779.117349537754
4295,1247,1345.9600035013189
2770,415,257.6035637482254
1244,258,448.71959702021536
4607,1191,1376.7681470099565
5852,1441,1139.0465619604452
7568,1996,669.4165407689817
5970,1956,1074.5847968140683
6791,941,1302.5539793189546
576,160,-153.22739239088435
6497,39,524.603934024303
1166,301,524.3006545861983
4304,2234,913.1246740330993
415,96,-299.10644396433804
7923,346,596.0753542199739
8088,0,-380.2665343336886
1346,54,-53.05210990419516
759,344,338.68592364544077
7854,453,605.244945120287
1201,258,-75.16476911495425
5467,2368,1428.2286603386865
2288,997,98.94853514019755
2825,1221,1032.776187350563
5595,438,420.2008013807982
3905,24,147.12984335684172
1426,135,211.93298173753897
328,335,478.7153297527168
4060,213,710.63287823906
4574,1744,1314.3500228370963
8218,17,86.05605960204434
4392,1165,980.8390850884681
2867,739,991.6017661259574
5728,905,1266.1420203812245
1111,318,54.42306326592819
7617,775,764.1876336531373
7472,2005,842.4655212009038
8749,740,839.3185721922637
5839,1061,592.1887350043628
1281,228,111.8701369265105
4845,2246,1356.057476779944
6112,959,1010.3952439232887
5712,909,714.5658612630765
2441,931,780.8523652148676
6272,592,773.7470123731968
8123,963,871.0931842763723
3966,562,458.0747056559219
970,150,103.27377023811707
4126,1832,1078.445743119093
5856,850,561.9158744011577
5572,347,493.4660795566417
6040,559,926.0047430232536
7344,1040,857.1842124267415
3395,872,981.0083365817784
2879,678,854.0854576299175
1282,132,131.7550478966106
4568,963,910.6954990512992
3710,1266,1168.1495630682234
1995,71,48.083200428678424
8426,456,271.94143631587895
1926,139,147.55337251552837
1421,50,-34.53803281827629
8261,137,474.32108466992963
4510,1624,1147.9638479857567
8016,294,623.0466706833856
6437,188,421.6039665797641
6067,1903,1200.6222996687916
6939,258,477.5445582579381
6566,987,1070.1151340558686
5081,1291,1156.9270130084165
1718,286,558.8331666231257
1298,50,-89.92075618744587
2057,462,718.6168675108878
740,161,631.1151286565976
4113,1118,956.357423616552
7442,538,792.8379791100858
2651,339,465.72803408317736
7281,0,-74.94079940507964
5033,65,719.6163894930414
5509,778,1096.502274260774
4391,1440,1367.295870978468
4776,917,731.6556750133062
2484,813,890.3607554342477
5012,2274,1227.5351820059832
5007,1362,1058.47275892983
6468,137,438.83330936138253
435,55,27.604515192552185
7055,935,826.8444679257702
3739,1753,1327.0633481009525
308,263,501.1971960249082
5086,1107,1076.1635174738358
87,341,612.5280562968866
7180,222,860.3165555308335
4102,1325,1245.4122212793282
1020,178,133.26429244153968
3698,352,692.169797583934
8640,387,142.09598225605677
4942,1801,1142.016339014906
6318,73,545.9666502174655
8384,1686,465.4327558058119
4983,65,81.09596704235582
6930,1566,1214.8722311454223
7360,2112,1586.2507599444089
257,361,281.1832225824485
4247,1330,1367.6069357240517
288,168,1.4592816468226602
2641,223,311.5901249542636
3984,662,335.68784902895027
5169,1191,960.7490358726003
4462,2000,1205.8118023504283
5368,1296,1219.183154969673
8115,296,569.3440597301485
1569,97,10.538335606385544
6445,657,1039.274894900704
737,240,690.906033031537
1595,156,159.4579592398391
7582,1347,1124.1904240793058
4999,1084,586.6402489380836
543,443,434.27937931537167
5818,582,830.1156292905443
6795,176,904.3239564059614
3723,392,693.127439349613
5751,468,625.0176727966737
3680,1946,501.17277872084065
2088,135,39.90566240206317
2549,60,304.296878661822
5836,250,574.1164425645896
5272,2070,1192.9391645070882
4251,423,783.9464296331146
800,670,67.6607657676285
3715,1890,1312.3695705838768
1405,206,230.66826541685757
56,85,85.4013529796814
69,385,398.04295870209984
4375,1421,724.7123519827323
711,337,407.9564442849264
4951,1620,788.3879595883434
265,127,-118.87168365493477
4518,716,742.4006624978538
3213,1311,1274.6206926998664
4269,1729,1321.0622415031476
3349,930,882.8278267250763
7044,180,402.1938619446149
4851,394,835.2823272934681
6641,23,220.34229040644732
8128,1690,1349.1998451765403
4682,453,771.0955084264335
2948,1517,1053.9255489432444
2835,170,355.77145363526006
6219,375,694.76896157866
6727,1346,994.7240484913369
7634,272,595.6732099821025
3857,0,235.0212465221886
5708,1790,1048.349808454085
7298,262,856.4060537246908
2036,295,390.4007210805463
5234,760,986.910209395442
3649,413,276.8344694293174
7711,1191,564.2965460836676
8084,1242,1239.8175378797873
3728,579,819.6750348497953
8440,974,1021.3823455712339
5498,526,720.3511049114054
4516,191,737.2893860579707
751,81,-160.409536308682
3091,44,42.28818208814414
7947,299,461.925538120906
5557,805,1100.3333139487875
476,165,205.5559724664073
4091,1013,941.2634102365395
8212,50,66.31921831001557
2688,335,216.70416601572396
211,275,524.1453132852201
468,209,283.5091698709002
4827,340,841.6620399568567
7897,629,434.3449764511625
8414,915,913.929094647649
4348,188,661.7505070090924
1025,259,412.91957519601783
4029,18,356.7642534961505
4556,2476,1336.6890540538948
2589,71,560.5186049477863
4362,3119,1633.9094022988534
1470,63,-113.68701861399603
2715,197,340.0893625087095
6703,1438,835.6833123901786
8619,184,270.11051412277675
5196,996,1119.37916844497
773,58,-105.87687937063049
6157,695,1180.3629634409804
8724,661,774.340393863014
1862,196,309.7479944638237
8569,401,374.5051984550685
641,314,443.5501912274285
6963,186,726.1158131883419
196,96,86.48019014554347
2375,309,556.0086243146696
4128,957,140.20323311044356
4825,803,895.3615791060541
6796,188,898.7902357839017
1108,51,27.69535754709011
2025,214,64.30974506680377
3256,124,745.7323227660872
1420,26,15.675544849236587
7810,817,883.0350638482322
2233,118,-15.09505390341235
4051,1751,900.7749806222156
8588,767,889.9643265852893
3454,164,476.888357180101
957,281,316.9173097417169
4169,2069,1362.8306918177213
633,279,98.50971705044498
2802,1521,805.3343987066654
2579,587,464.337168520513
3047,312,637.9044900891229
1261,281,422.49729329621374
118,393,454.5273408271381
6217,842,738.0148060812588
2446,695,679.0117665893463
3164,0,376.3256019095285
2388,650,496.5214865731434
4773,2055,1369.8879723689006
5729,1289,1270.6411961185747
5357,231,808.750763897656
6812,2240,1403.591061108581
3501,1593,1386.6775962728602
7154,292,559.6239037064421
1730,93,-90.29365082738832
1172,303,600.1971798447748
4370,554,686.6598101976977
5221,1210,1194.1406319808484
6225,1069,830.7770625636169
7745,1939,1379.8252896603085
3842,0,-165.9502433048723
7827,243,636.7256142284176
6661,997,1070.478821835955
2908,147,540.2935113879645
6646,379,482.21171715801813
1844,148,438.31872738915433
4575,1890,1376.552524449845
5952,707,538.0839368240593
4099,2145,1282.8116442133028
4587,150,759.2835677839856
5344,1344,1126.4079924224234
6209,1384,1092.6092848497956
5170,831,990.0189812256073
6529,99,569.1529897649692
5903,1103,1134.4280326202065
815,197,325.3316929398716
4708,72,514.8981277204382
618,481,371.1446935774194
3487,1123,702.4044984272133
6968,2276,737.795139515694
6069,1641,1128.218621977495
1042,106,48.93219095965901
5059,2602,1416.5195362198351
1888,267,355.37688660249285
1074,250,616.8444295598067
1396,38,-62.08427195702615
3248,401,211.9390194408155
5735,1182,1231.7482709116152
179,310,184.3754391562917
8357,135,473.5391318462494
2008,404,536.4407422156295
8232,0,-932.5629535620227
7972,117,520.848502428086
8243,0,-15.605500728620484
2199,463,478.23811280337054
6145,681,780.3059214748735
1532,241,449.3625636656084
2778,1477,1024.093303986905
2952,532,543.9589043695321
7227,0,-156.45646537584412
7759,427,611.0781263033685
3102,239,105.99023186309472
1345,93,-82.11194388146976
3459,35,193.34093393193066
5774,630,815.1664850111722
8161,0,-404.52054928326834
6894,644,856.620168903796
8408,1692,620.2760354955177
5438,822,1001.2736469090859
1765,246,204.4472472103996
6087,694,939.1252535653642
4678,1934,1567.0805775406989
1277,44,55.770713373464844
5247,1579,1258.1592704128998
8532,697,742.0514932906361
8540,936,815.0128727891271
1688,589,119.93979840717185
3768,778,552.4241855219066
1480,216,403.7818864857852
745,230,-139.81995742020501
3979,2248,1327.867946309198
8701,681,687.8540570058985
7443,372,838.9899085764413
3279,1145,1070.3942739974314
6558,436,657.5182451309465
747,119,-133.16403255166705
5822,579,1034.0597515506615
5714,537,760.1283702316191
5566,1782,1388.2515620737058
8360,1916,498.01547242185507
5950,1286,938.8468402898361
1163,261,154.60713984063574
6321,876,703.9226010906727
5013,2200,1246.5533052470014
6670,1856,1365.2819573002694
6800,2278,950.1165426122539
3272,1713,608.233582188916
8614,396,378.5004559706426
3915,141,447.49674612971273
2943,993,1049.0065267365208
8700,635,636.8507298476445
1598,170,240.29658348622587
5482,719,1012.459798292367
300,267,346.1297771787006
1144,314,510.07434859012153
2221,771,553.2976343807192
2499,51,523.0881098852941
6571,2372,1197.303614848377
4961,2008,1419.559754080275
2960,1677,673.6442987480712
1662,99,-77.09063513847218
3092,93,135.12644994777543
1971,59,65.10267012421218
3433,41,117.08505941603087
3992,291,204.90469204234014
7260,1495,1346.5362232469984
2377,305,157.51540329330865
1157,68,45.478954460207945
4347,328,673.0376573215308
486,84,-115.26510321466014
1180,58,71.95303145545785
3782,1970,1166.14124877691
7130,302,553.4861457300813
5292,71,154.04614674728037
6928,1273,1181.9816065966882
6192,808,569.6550569079346
3686,367,671.8062209252817
5614,1346,1024.9084774834623
7425,5,693.2867834848071
4039,210,374.38850498830806
6167,1165,1253.8701742788548
2149,28,314.5020103673652
5995,1898,1172.647523356322
3397,1315,1065.815756759525
1659,57,-125.97739635413336
5904,953,502.27507115621796
8496,478,407.9417129436109
5873,1066,1070.821175103586
5780,1697,1047.2579832067076
8444,644,1013.5748095335917
6624,763,516.3969750552914
665,407,342.8528927594455
3070,426,752.939167813294
7492,0,-362.8948977201096
642,466,423.2981721416181
2933,125,486.64985671580894
176,780,-31.945178799290602
4409,2025,1530.7596872266708
1922,59,122.28048490548434
786,675,558.1643314576165
3006,21,-54.75526928631132
449,256,429.22323405773886
5508,780,1064.4719544421105
7785,679,725.1036168153505
337,241,-62.81695160397339
1701,243,349.0021699882438
91,568,595.355466302635
4397,264,819.3120009791783
6345,1015,762.3852064591001
6802,862,1028.8381448072664
4427,977,1169.6662083128863
3939,167,530.5675187663696
530,312,93.85108772689239
5531,687,1023.0792039381863
996,187,170.28582615546182
4712,2328,1056.3007091962218
3949,1051,1032.7945089043988
5659,1968,1218.782335891339
4934,1064,1191.7125448419429
8551,848,409.19511100011846
1643,176,173.5658301089932
106,269,298.50494635596937
5666,499,708.5798223765848
5159,1365,1205.2319894159086
1427,166,246.25147366298162
1018,119,6.807616209851858
3704,2041,881.8512977949157
131,381,298.2805556775145
4602,2367,1343.080575672779
8735,559,785.6563009705325
8197,798,752.3345528980004
2776,819,897.1407846045255
6710,1032,1368.3230002915102
4513,606,729.9002542227615
3615,1168,1116.3425899592917
3231,203,315.2525563689748
8033,1462,1132.5615759664724
3209,1662,1177.9011904743797
7029,0,166.28977831218538
4248,1089,775.5888987876589
6895,1456,895.3278394891009
2246,475,372.698759993384
3353,1534,1077.2556800998207
4647,1427,1437.6210145555165
694,294,335.60989642204925
3296,1920,576.0346234669883
4353,1277,947.961993091947
2458,428,594.4517574850802
167,259,676.5579174051861
8502,369,393.7703522114194
367,90,-133.0684524420471
2957,163,624.4391428713717
6823,1556,914.244697919454
2955,156,586.1173438037355
2755,571,871.0667048879882
835,417,533.1363252848262
1672,284,575.2211264350494
5641,715,757.517220384496
4407,1535,1411.6333099524809
2833,390,364.3305704725485
2319,620,639.1419262933218
8499,202,411.4543472045435
7093,1409,1334.638737212027
3245,65,140.5241515464868
6109,704,762.1668227815826
4693,1056,942.3585813424053
6093,1437,1048.0079290361537
5414,1038,1156.2966100970161
5840,1550,676.7267359559555
6261,1886,1299.8125518045354
7413,32,262.48834177950374
7503,0,179.45988391284408
8186,136,474.5038186378389
8090,0,-408.4677407085892
8487,839,971.8514671928652
4559,1672,1237.0791603393563
8307,122,503.18999607695764
100,42,167.22089421101418
6605,179,1005.4996595711447
1783,294,-75.38011414714038
6013,673,1102.050070154414
